<?xml version='1.0' encoding='utf-8'?>
<gpx version="1.1" creator="corfu-scooter-gpx+valhalla" xmlns="http://www.topografix.com/GPX/1/1" xmlns:xsi="http://www.w3.org/2001/XMLSchema-instance" xsi:schemaLocation="http://www.topografix.com/GPX/1/1 http://www.topografix.com/GPX/1/1/gpx.xsd"><metadata><name>Dzien 5 - Wschodnie wybrzeze (relaks)</name><desc>trasa po drogach (BRouter 'safety') | realnie ~121 km | ~3 h 27 min jazdy | 12 waypointow</desc><time>2026-08-18T00:00:00Z</time></metadata><wpt lat="39.544017" lon="19.913324"><name>01 Benitses (start)</name><desc>baza wypadowa - start i meta kazdej trasy; promenada i tawerny</desc></wpt><wpt lat="39.485759" lon="19.925582"><name>02 Moraitika</name><desc>wioska z plaza i tawernami przy drodze</desc></wpt><wpt lat="39.476817" lon="19.932808"><name>03 Messonghi</name><desc>rzeka i plaza, spokojna wioska; lunch</desc></wpt><wpt lat="39.789106" lon="19.922053"><name>04 Kassiopi</name><desc>nadmorska wioska z portem i ruinami zameczku; lunch albo kapiel</desc></wpt><wpt lat="39.744005" lon="19.940857"><name>05 Kouloura</name><desc>malenka zatoczka z tawerna nad sama woda - fotogeniczna</desc></wpt><wpt lat="39.743951" lon="19.933211"><name>06 Kalami</name><desc>zatoka, dom Lawrence'a Durrella; kapiel i lunch nad woda</desc></wpt><wpt lat="39.736197" lon="19.928700"><name>07 Agni</name><desc>zatoka z tawernami rybnymi na brzegu; lunch</desc></wpt><wpt lat="39.726481" lon="19.900540"><name>08 Nissaki</name><desc>zatoczka z krystaliczna woda i kilkoma tawernami</desc></wpt><wpt lat="39.718521" lon="19.869265"><name>09 Barbati</name><desc>plaza z kamykami, widok na wybrzeze Albanii; szybka kapiel</desc></wpt><wpt lat="39.706418" lon="19.794181"><name>10 Ano Korakiana</name><desc>wioska w dolinie Ropy z bizantyjskim mlynem oliwnym (muzeum); krotki postoj</desc></wpt><wpt lat="39.700211" lon="19.774740"><name>11 Skripero</name><desc>tradycyjna wioska z muzeum oliwek (tlocznia) i tawernami; postoj na kawe</desc></wpt><wpt lat="39.544017" lon="19.913324"><name>12 Benitses (koniec)</name><desc>baza wypadowa - start i meta kazdej trasy; promenada i tawerny</desc></wpt><rte><name>Dzien 5 - Wschodnie wybrzeze (relaks)</name><rtept lat="39.544017" lon="19.913324"><name>01 Benitses (start)</name></rtept><rtept lat="39.485759" lon="19.925582"><name>02 Moraitika</name></rtept><rtept lat="39.476817" lon="19.932808"><name>03 Messonghi</name></rtept><rtept lat="39.789106" lon="19.922053"><name>04 Kassiopi</name></rtept><rtept lat="39.744005" lon="19.940857"><name>05 Kouloura</name></rtept><rtept lat="39.743951" lon="19.933211"><name>06 Kalami</name></rtept><rtept lat="39.736197" lon="19.928700"><name>07 Agni</name></rtept><rtept lat="39.726481" lon="19.900540"><name>08 Nissaki</name></rtept><rtept lat="39.718521" lon="19.869265"><name>09 Barbati</name></rtept><rtept lat="39.706418" lon="19.794181"><name>10 Ano Korakiana</name></rtept><rtept lat="39.700211" lon="19.774740"><name>11 Skripero</name></rtept><rtept lat="39.544017" lon="19.913324"><name>12 Benitses (koniec)</name></rtept></rte><trk><name>Dzien 5 - Wschodnie wybrzeze (relaks) (po drogach)</name><trkseg><trkpt lat="39.544132" lon="19.913350" /><trkpt lat="39.544130" lon="19.913369" /><trkpt lat="39.544166" lon="19.913834" /><trkpt lat="39.544145" lon="19.913864" /><trkpt lat="39.543869" lon="19.913942" /><trkpt lat="39.543819" lon="19.913988" /><trkpt lat="39.543774" lon="19.914072" /><trkpt lat="39.543751" lon="19.914176" /><trkpt lat="39.543753" lon="19.914371" /><trkpt lat="39.543565" lon="19.914353" /><trkpt lat="39.543430" lon="19.914341" /><trkpt lat="39.542583" lon="19.914198" /><trkpt lat="39.542470" lon="19.914202" /><trkpt lat="39.542418" lon="19.914224" /><trkpt lat="39.541935" lon="19.914484" /><trkpt lat="39.541649" lon="19.914648" /><trkpt lat="39.541461" lon="19.914756" /><trkpt lat="39.541310" lon="19.914840" /><trkpt lat="39.541269" lon="19.914878" /><trkpt lat="39.541049" lon="19.915120" /><trkpt lat="39.540845" lon="19.915493" /><trkpt lat="39.540729" lon="19.915686" /><trkpt lat="39.540653" lon="19.915784" /><trkpt lat="39.540299" lon="19.916186" /><trkpt lat="39.539465" lon="19.917063" /><trkpt lat="39.539357" lon="19.917155" /><trkpt lat="39.539196" lon="19.917265" /><trkpt lat="39.538986" lon="19.917355" /><trkpt lat="39.538893" lon="19.917385" /><trkpt lat="39.538793" lon="19.917398" /><trkpt lat="39.538703" lon="19.917405" /><trkpt lat="39.538633" lon="19.917392" /><trkpt lat="39.538565" lon="19.917371" /><trkpt lat="39.538459" lon="19.917324" /><trkpt lat="39.538136" lon="19.917061" /><trkpt lat="39.537986" lon="19.916959" /><trkpt lat="39.537915" lon="19.916928" /><trkpt lat="39.537823" lon="19.916911" /><trkpt lat="39.537722" lon="19.916905" /><trkpt lat="39.537603" lon="19.916913" /><trkpt lat="39.536347" lon="19.917037" /><trkpt lat="39.536216" lon="19.917076" /><trkpt lat="39.536136" lon="19.917119" /><trkpt lat="39.536033" lon="19.917188" /><trkpt lat="39.535944" lon="19.917260" /><trkpt lat="39.535801" lon="19.917459" /><trkpt lat="39.535652" lon="19.917709" /><trkpt lat="39.535603" lon="19.917781" /><trkpt lat="39.535543" lon="19.917862" /><trkpt lat="39.535489" lon="19.917920" /><trkpt lat="39.534877" lon="19.918460" /><trkpt lat="39.534517" lon="19.918741" /><trkpt lat="39.534356" lon="19.918850" /><trkpt lat="39.534258" lon="19.918899" /><trkpt lat="39.534127" lon="19.918949" /><trkpt lat="39.532652" lon="19.919267" /><trkpt lat="39.532551" lon="19.919277" /><trkpt lat="39.532415" lon="19.919309" /><trkpt lat="39.532271" lon="19.919379" /><trkpt lat="39.532201" lon="19.919430" /><trkpt lat="39.531373" lon="19.920217" /><trkpt lat="39.531217" lon="19.920343" /><trkpt lat="39.531032" lon="19.920435" /><trkpt lat="39.530226" lon="19.920808" /><trkpt lat="39.530139" lon="19.920861" /><trkpt lat="39.529842" lon="19.921079" /><trkpt lat="39.529623" lon="19.921259" /><trkpt lat="39.529543" lon="19.921334" /><trkpt lat="39.529482" lon="19.921381" /><trkpt lat="39.529408" lon="19.921421" /><trkpt lat="39.528585" lon="19.921792" /><trkpt lat="39.528370" lon="19.921871" /><trkpt lat="39.528191" lon="19.921962" /><trkpt lat="39.528134" lon="19.922004" /><trkpt lat="39.528073" lon="19.922063" /><trkpt lat="39.528026" lon="19.922120" /><trkpt lat="39.527682" lon="19.922594" /><trkpt lat="39.527593" lon="19.922689" /><trkpt lat="39.527547" lon="19.922722" /><trkpt lat="39.527447" lon="19.922770" /><trkpt lat="39.527386" lon="19.922794" /><trkpt lat="39.527314" lon="19.922805" /><trkpt lat="39.526088" lon="19.922749" /><trkpt lat="39.525459" lon="19.922722" /><trkpt lat="39.525333" lon="19.922712" /><trkpt lat="39.525258" lon="19.922711" /><trkpt lat="39.525165" lon="19.922725" /><trkpt lat="39.524978" lon="19.922787" /><trkpt lat="39.524801" lon="19.922868" /><trkpt lat="39.524709" lon="19.922879" /><trkpt lat="39.524630" lon="19.922872" /><trkpt lat="39.524541" lon="19.922848" /><trkpt lat="39.523867" lon="19.922445" /><trkpt lat="39.523816" lon="19.922420" /><trkpt lat="39.523751" lon="19.922402" /><trkpt lat="39.523675" lon="19.922400" /><trkpt lat="39.523611" lon="19.922415" /><trkpt lat="39.523543" lon="19.922447" /><trkpt lat="39.523458" lon="19.922509" /><trkpt lat="39.523350" lon="19.922618" /><trkpt lat="39.523277" lon="19.922675" /><trkpt lat="39.523207" lon="19.922715" /><trkpt lat="39.523138" lon="19.922743" /><trkpt lat="39.523027" lon="19.922763" /><trkpt lat="39.522795" lon="19.922759" /><trkpt lat="39.522587" lon="19.922641" /><trkpt lat="39.522303" lon="19.922584" /><trkpt lat="39.522040" lon="19.922620" /><trkpt lat="39.521924" lon="19.922760" /><trkpt lat="39.521850" lon="19.922772" /><trkpt lat="39.521580" lon="19.922828" /><trkpt lat="39.520727" lon="19.923046" /><trkpt lat="39.520508" lon="19.923126" /><trkpt lat="39.520243" lon="19.923250" /><trkpt lat="39.520054" lon="19.923335" /><trkpt lat="39.519879" lon="19.923385" /><trkpt lat="39.519442" lon="19.923422" /><trkpt lat="39.519345" lon="19.923323" /><trkpt lat="39.519175" lon="19.923264" /><trkpt lat="39.519107" lon="19.923267" /><trkpt lat="39.519066" lon="19.923269" /><trkpt lat="39.519023" lon="19.923271" /><trkpt lat="39.518986" lon="19.923273" /><trkpt lat="39.518837" lon="19.923341" /><trkpt lat="39.518701" lon="19.923521" /><trkpt lat="39.518429" lon="19.923599" /><trkpt lat="39.517904" lon="19.923762" /><trkpt lat="39.517742" lon="19.923823" /><trkpt lat="39.517633" lon="19.923852" /><trkpt lat="39.516954" lon="19.923954" /><trkpt lat="39.516694" lon="19.924002" /><trkpt lat="39.516230" lon="19.924202" /><trkpt lat="39.516154" lon="19.924219" /><trkpt lat="39.515968" lon="19.924210" /><trkpt lat="39.515738" lon="19.924178" /><trkpt lat="39.515434" lon="19.924151" /><trkpt lat="39.515243" lon="19.924157" /><trkpt lat="39.514445" lon="19.924284" /><trkpt lat="39.514332" lon="19.924290" /><trkpt lat="39.514246" lon="19.924282" /><trkpt lat="39.514091" lon="19.924209" /><trkpt lat="39.513680" lon="19.923879" /><trkpt lat="39.513584" lon="19.923812" /><trkpt lat="39.513490" lon="19.923765" /><trkpt lat="39.513286" lon="19.923679" /><trkpt lat="39.513197" lon="19.923630" /><trkpt lat="39.513131" lon="19.923583" /><trkpt lat="39.513062" lon="19.923523" /><trkpt lat="39.512939" lon="19.923385" /><trkpt lat="39.512813" lon="19.923197" /><trkpt lat="39.512722" lon="19.923038" /><trkpt lat="39.512680" lon="19.922982" /><trkpt lat="39.512625" lon="19.922936" /><trkpt lat="39.512563" lon="19.922902" /><trkpt lat="39.512495" lon="19.922881" /><trkpt lat="39.512415" lon="19.922876" /><trkpt lat="39.512322" lon="19.922888" /><trkpt lat="39.512234" lon="19.922928" /><trkpt lat="39.512166" lon="19.922978" /><trkpt lat="39.511586" lon="19.923684" /><trkpt lat="39.511519" lon="19.923729" /><trkpt lat="39.511461" lon="19.923749" /><trkpt lat="39.511330" lon="19.923758" /><trkpt lat="39.511258" lon="19.923753" /><trkpt lat="39.510889" lon="19.923679" /><trkpt lat="39.510316" lon="19.923587" /><trkpt lat="39.509905" lon="19.923563" /><trkpt lat="39.509732" lon="19.923561" /><trkpt lat="39.509636" lon="19.923566" /><trkpt lat="39.509519" lon="19.923583" /><trkpt lat="39.508941" lon="19.923715" /><trkpt lat="39.508670" lon="19.923774" /><trkpt lat="39.508219" lon="19.923856" /><trkpt lat="39.508151" lon="19.923875" /><trkpt lat="39.508060" lon="19.923884" /><trkpt lat="39.507965" lon="19.923882" /><trkpt lat="39.507866" lon="19.923873" /><trkpt lat="39.507533" lon="19.923803" /><trkpt lat="39.507085" lon="19.923748" /><trkpt lat="39.506502" lon="19.923714" /><trkpt lat="39.506403" lon="19.923702" /><trkpt lat="39.506048" lon="19.923659" /><trkpt lat="39.505968" lon="19.923650" /><trkpt lat="39.505557" lon="19.923604" /><trkpt lat="39.504607" lon="19.923494" /><trkpt lat="39.504406" lon="19.923498" /><trkpt lat="39.504201" lon="19.923547" /><trkpt lat="39.504078" lon="19.923577" /><trkpt lat="39.503428" lon="19.923864" /><trkpt lat="39.503158" lon="19.923930" /><trkpt lat="39.502808" lon="19.924002" /><trkpt lat="39.502066" lon="19.924191" /><trkpt lat="39.501411" lon="19.924394" /><trkpt lat="39.501240" lon="19.924500" /><trkpt lat="39.501024" lon="19.924714" /><trkpt lat="39.500986" lon="19.924747" /><trkpt lat="39.500938" lon="19.924775" /><trkpt lat="39.500878" lon="19.924799" /><trkpt lat="39.500573" lon="19.924854" /><trkpt lat="39.500486" lon="19.924882" /><trkpt lat="39.500287" lon="19.924985" /><trkpt lat="39.499747" lon="19.925377" /><trkpt lat="39.499615" lon="19.925444" /><trkpt lat="39.499507" lon="19.925464" /><trkpt lat="39.499379" lon="19.925469" /><trkpt lat="39.499016" lon="19.925457" /><trkpt lat="39.498947" lon="19.925461" /><trkpt lat="39.498821" lon="19.925518" /><trkpt lat="39.498754" lon="19.925572" /><trkpt lat="39.498692" lon="19.925641" /><trkpt lat="39.498435" lon="19.926087" /><trkpt lat="39.498383" lon="19.926138" /><trkpt lat="39.498298" lon="19.926182" /><trkpt lat="39.498094" lon="19.926226" /><trkpt lat="39.497912" lon="19.926278" /><trkpt lat="39.497526" lon="19.926421" /><trkpt lat="39.496567" lon="19.926798" /><trkpt lat="39.496289" lon="19.926953" /><trkpt lat="39.496106" lon="19.927065" /><trkpt lat="39.496016" lon="19.927113" /><trkpt lat="39.495927" lon="19.927148" /><trkpt lat="39.495804" lon="19.927177" /><trkpt lat="39.494960" lon="19.927260" /><trkpt lat="39.494794" lon="19.927296" /><trkpt lat="39.494285" lon="19.927428" /><trkpt lat="39.493810" lon="19.927537" /><trkpt lat="39.493699" lon="19.927552" /><trkpt lat="39.493579" lon="19.927549" /><trkpt lat="39.493466" lon="19.927531" /><trkpt lat="39.493233" lon="19.927454" /><trkpt lat="39.492735" lon="19.927266" /><trkpt lat="39.492517" lon="19.927196" /><trkpt lat="39.492309" lon="19.927154" /><trkpt lat="39.491784" lon="19.927095" /><trkpt lat="39.491664" lon="19.927084" /><trkpt lat="39.491590" lon="19.927019" /><trkpt lat="39.491522" lon="19.926974" /><trkpt lat="39.491408" lon="19.926915" /><trkpt lat="39.491349" lon="19.926895" /><trkpt lat="39.491265" lon="19.926877" /><trkpt lat="39.491148" lon="19.926867" /><trkpt lat="39.490736" lon="19.926864" /><trkpt lat="39.490655" lon="19.926872" /><trkpt lat="39.490570" lon="19.926893" /><trkpt lat="39.490368" lon="19.926958" /><trkpt lat="39.490115" lon="19.927074" /><trkpt lat="39.490018" lon="19.927057" /><trkpt lat="39.489792" lon="19.927016" /><trkpt lat="39.489577" lon="19.926936" /><trkpt lat="39.489369" lon="19.926839" /><trkpt lat="39.488884" lon="19.926508" /><trkpt lat="39.488853" lon="19.926487" /><trkpt lat="39.488492" lon="19.926254" /><trkpt lat="39.488317" lon="19.926129" /><trkpt lat="39.488175" lon="19.926017" /><trkpt lat="39.488060" lon="19.925918" /><trkpt lat="39.487786" lon="19.925674" /><trkpt lat="39.487631" lon="19.925576" /><trkpt lat="39.487551" lon="19.925548" /><trkpt lat="39.487352" lon="19.925539" /><trkpt lat="39.487185" lon="19.925546" /><trkpt lat="39.486871" lon="19.925580" /><trkpt lat="39.486735" lon="19.925586" /><trkpt lat="39.486682" lon="19.925579" /><trkpt lat="39.486600" lon="19.925541" /><trkpt lat="39.486489" lon="19.925459" /><trkpt lat="39.486189" lon="19.925183" /><trkpt lat="39.486116" lon="19.925494" /><trkpt lat="39.486111" lon="19.925603" /><trkpt lat="39.486111" lon="19.925603" /><trkpt lat="39.486116" lon="19.925494" /><trkpt lat="39.486189" lon="19.925183" /><trkpt lat="39.486053" lon="19.925078" /><trkpt lat="39.485972" lon="19.925028" /><trkpt lat="39.485882" lon="19.924987" /><trkpt lat="39.485767" lon="19.924949" /><trkpt lat="39.485559" lon="19.924897" /><trkpt lat="39.485478" lon="19.924884" /><trkpt lat="39.485420" lon="19.924881" /><trkpt lat="39.485266" lon="19.924889" /><trkpt lat="39.484803" lon="19.924991" /><trkpt lat="39.484799" lon="19.925056" /><trkpt lat="39.484777" lon="19.925125" /><trkpt lat="39.484746" lon="19.925176" /><trkpt lat="39.484545" lon="19.925419" /><trkpt lat="39.484470" lon="19.925538" /><trkpt lat="39.484493" lon="19.925828" /><trkpt lat="39.484455" lon="19.926226" /><trkpt lat="39.484437" lon="19.926260" /><trkpt lat="39.484358" lon="19.926305" /><trkpt lat="39.484338" lon="19.926344" /><trkpt lat="39.484186" lon="19.926843" /><trkpt lat="39.484156" lon="19.926893" /><trkpt lat="39.484103" lon="19.926906" /><trkpt lat="39.484055" lon="19.926955" /><trkpt lat="39.483968" lon="19.927140" /><trkpt lat="39.483775" lon="19.927417" /><trkpt lat="39.483656" lon="19.927604" /><trkpt lat="39.483624" lon="19.927708" /><trkpt lat="39.483594" lon="19.927921" /><trkpt lat="39.483536" lon="19.927927" /><trkpt lat="39.483303" lon="19.928114" /><trkpt lat="39.483099" lon="19.928355" /><trkpt lat="39.482951" lon="19.928548" /><trkpt lat="39.482789" lon="19.928754" /><trkpt lat="39.482726" lon="19.928790" /><trkpt lat="39.482653" lon="19.928790" /><trkpt lat="39.482578" lon="19.928754" /><trkpt lat="39.482248" lon="19.928519" /><trkpt lat="39.482090" lon="19.928367" /><trkpt lat="39.481983" lon="19.928243" /><trkpt lat="39.481959" lon="19.928209" /><trkpt lat="39.481883" lon="19.928155" /><trkpt lat="39.481733" lon="19.928126" /><trkpt lat="39.481563" lon="19.928072" /><trkpt lat="39.481082" lon="19.927853" /><trkpt lat="39.480638" lon="19.927694" /><trkpt lat="39.480375" lon="19.927641" /><trkpt lat="39.480251" lon="19.927600" /><trkpt lat="39.480121" lon="19.927538" /><trkpt lat="39.479699" lon="19.927281" /><trkpt lat="39.479568" lon="19.927183" /><trkpt lat="39.479255" lon="19.926902" /><trkpt lat="39.479063" lon="19.926770" /><trkpt lat="39.479067" lon="19.926712" /><trkpt lat="39.479059" lon="19.926685" /><trkpt lat="39.479028" lon="19.926643" /><trkpt lat="39.479006" lon="19.926633" /><trkpt lat="39.478965" lon="19.926634" /><trkpt lat="39.478923" lon="19.926673" /><trkpt lat="39.478912" lon="19.926704" /><trkpt lat="39.478909" lon="19.926737" /><trkpt lat="39.478914" lon="19.926770" /><trkpt lat="39.478927" lon="19.926800" /><trkpt lat="39.478866" lon="19.927031" /><trkpt lat="39.478466" lon="19.927475" /><trkpt lat="39.478423" lon="19.927519" /><trkpt lat="39.478052" lon="19.927901" /><trkpt lat="39.477869" lon="19.928077" /><trkpt lat="39.477444" lon="19.928485" /><trkpt lat="39.477280" lon="19.928643" /><trkpt lat="39.477001" lon="19.928901" /><trkpt lat="39.476670" lon="19.929203" /><trkpt lat="39.476451" lon="19.929447" /><trkpt lat="39.476478" lon="19.929482" /><trkpt lat="39.476545" lon="19.929552" /><trkpt lat="39.476789" lon="19.929679" /><trkpt lat="39.477126" lon="19.929790" /><trkpt lat="39.477616" lon="19.929991" /><trkpt lat="39.477776" lon="19.930067" /><trkpt lat="39.477996" lon="19.930192" /><trkpt lat="39.478259" lon="19.930323" /><trkpt lat="39.478285" lon="19.930335" /><trkpt lat="39.478330" lon="19.930372" /><trkpt lat="39.478433" lon="19.930476" /><trkpt lat="39.478677" lon="19.930599" /><trkpt lat="39.478746" lon="19.930693" /><trkpt lat="39.478816" lon="19.930868" /><trkpt lat="39.478866" lon="19.930962" /><trkpt lat="39.478977" lon="19.931080" /><trkpt lat="39.479018" lon="19.931120" /><trkpt lat="39.479085" lon="19.931205" /><trkpt lat="39.479160" lon="19.931353" /><trkpt lat="39.479188" lon="19.931477" /><trkpt lat="39.479188" lon="19.931665" /><trkpt lat="39.479173" lon="19.931840" /><trkpt lat="39.479129" lon="19.932008" /><trkpt lat="39.479045" lon="19.932213" /><trkpt lat="39.478852" lon="19.932544" /><trkpt lat="39.478797" lon="19.932642" /><trkpt lat="39.478708" lon="19.932838" /><trkpt lat="39.478661" lon="19.932995" /><trkpt lat="39.478643" lon="19.933084" /><trkpt lat="39.478627" lon="19.933205" /><trkpt lat="39.478626" lon="19.933498" /><trkpt lat="39.478639" lon="19.933676" /><trkpt lat="39.478653" lon="19.933731" /><trkpt lat="39.478771" lon="19.933939" /><trkpt lat="39.478791" lon="19.933997" /><trkpt lat="39.478790" lon="19.934085" /><trkpt lat="39.478723" lon="19.934094" /><trkpt lat="39.478631" lon="19.934108" /><trkpt lat="39.478475" lon="19.934107" /><trkpt lat="39.478308" lon="19.934068" /><trkpt lat="39.478253" lon="19.934040" /><trkpt lat="39.478211" lon="19.934018" /><trkpt lat="39.478187" lon="19.933984" /><trkpt lat="39.478119" lon="19.933693" /><trkpt lat="39.478107" lon="19.933649" /><trkpt lat="39.478052" lon="19.933541" /><trkpt lat="39.477966" lon="19.933468" /><trkpt lat="39.477943" lon="19.933424" /><trkpt lat="39.477908" lon="19.933387" /><trkpt lat="39.477411" lon="19.932971" /><trkpt lat="39.477307" lon="19.932889" /><trkpt lat="39.477137" lon="19.932737" /><trkpt lat="39.476965" lon="19.932563" /><trkpt lat="39.476965" lon="19.932563" /><trkpt lat="39.476786" lon="19.932380" /><trkpt lat="39.476715" lon="19.932292" /><trkpt lat="39.476594" lon="19.932168" /><trkpt lat="39.476522" lon="19.932109" /><trkpt lat="39.476367" lon="19.932004" /><trkpt lat="39.475898" lon="19.931709" /><trkpt lat="39.475755" lon="19.931558" /><trkpt lat="39.475641" lon="19.931376" /><trkpt lat="39.475577" lon="19.931209" /><trkpt lat="39.475538" lon="19.931064" /><trkpt lat="39.475982" lon="19.930222" /><trkpt lat="39.476113" lon="19.929978" /><trkpt lat="39.476271" lon="19.929701" /><trkpt lat="39.476330" lon="19.929618" /><trkpt lat="39.476451" lon="19.929447" /><trkpt lat="39.476670" lon="19.929203" /><trkpt lat="39.477001" lon="19.928901" /><trkpt lat="39.477280" lon="19.928643" /><trkpt lat="39.477444" lon="19.928485" /><trkpt lat="39.477869" lon="19.928077" /><trkpt lat="39.478052" lon="19.927901" /><trkpt lat="39.478423" lon="19.927519" /><trkpt lat="39.478466" lon="19.927475" /><trkpt lat="39.478866" lon="19.927031" /><trkpt lat="39.478922" lon="19.926961" /><trkpt lat="39.479037" lon="19.926816" /><trkpt lat="39.479063" lon="19.926770" /><trkpt lat="39.479255" lon="19.926902" /><trkpt lat="39.479568" lon="19.927183" /><trkpt lat="39.479699" lon="19.927281" /><trkpt lat="39.480121" lon="19.927538" /><trkpt lat="39.480251" lon="19.927600" /><trkpt lat="39.480375" lon="19.927641" /><trkpt lat="39.480638" lon="19.927694" /><trkpt lat="39.481082" lon="19.927853" /><trkpt lat="39.481563" lon="19.928072" /><trkpt lat="39.481733" lon="19.928126" /><trkpt lat="39.481883" lon="19.928155" /><trkpt lat="39.481959" lon="19.928209" /><trkpt lat="39.481983" lon="19.928243" /><trkpt lat="39.482090" lon="19.928367" /><trkpt lat="39.482248" lon="19.928519" /><trkpt lat="39.482578" lon="19.928754" /><trkpt lat="39.482653" lon="19.928790" /><trkpt lat="39.482726" lon="19.928790" /><trkpt lat="39.482789" lon="19.928754" /><trkpt lat="39.482951" lon="19.928548" /><trkpt lat="39.483099" lon="19.928355" /><trkpt lat="39.483303" lon="19.928114" /><trkpt lat="39.483536" lon="19.927927" /><trkpt lat="39.483594" lon="19.927921" /><trkpt lat="39.483624" lon="19.927708" /><trkpt lat="39.483656" lon="19.927604" /><trkpt lat="39.483775" lon="19.927417" /><trkpt lat="39.483968" lon="19.927140" /><trkpt lat="39.484055" lon="19.926955" /><trkpt lat="39.484103" lon="19.926906" /><trkpt lat="39.484156" lon="19.926893" /><trkpt lat="39.484186" lon="19.926843" /><trkpt lat="39.484338" lon="19.926344" /><trkpt lat="39.484358" lon="19.926305" /><trkpt lat="39.484437" lon="19.926260" /><trkpt lat="39.484455" lon="19.926226" /><trkpt lat="39.484493" lon="19.925828" /><trkpt lat="39.484470" lon="19.925538" /><trkpt lat="39.484545" lon="19.925419" /><trkpt lat="39.484746" lon="19.925176" /><trkpt lat="39.484777" lon="19.925125" /><trkpt lat="39.484799" lon="19.925056" /><trkpt lat="39.484803" lon="19.924991" /><trkpt lat="39.485266" lon="19.924889" /><trkpt lat="39.485420" lon="19.924881" /><trkpt lat="39.485478" lon="19.924884" /><trkpt lat="39.485559" lon="19.924897" /><trkpt lat="39.485767" lon="19.924949" /><trkpt lat="39.485882" lon="19.924987" /><trkpt lat="39.485972" lon="19.925028" /><trkpt lat="39.486013" lon="19.924942" /><trkpt lat="39.486021" lon="19.924926" /><trkpt lat="39.486046" lon="19.924909" /><trkpt lat="39.486079" lon="19.924901" /><trkpt lat="39.486108" lon="19.924912" /><trkpt lat="39.486224" lon="19.925064" /><trkpt lat="39.486244" lon="19.925072" /><trkpt lat="39.486265" lon="19.925069" /><trkpt lat="39.486290" lon="19.925052" /><trkpt lat="39.486305" lon="19.925030" /><trkpt lat="39.486308" lon="19.925000" /><trkpt lat="39.486386" lon="19.924989" /><trkpt lat="39.486412" lon="19.925016" /><trkpt lat="39.486445" lon="19.925083" /><trkpt lat="39.486476" lon="19.925097" /><trkpt lat="39.486657" lon="19.925112" /><trkpt lat="39.486938" lon="19.925115" /><trkpt lat="39.486947" lon="19.925157" /><trkpt lat="39.486965" lon="19.925187" /><trkpt lat="39.487034" lon="19.925215" /><trkpt lat="39.487444" lon="19.925257" /><trkpt lat="39.487475" lon="19.925267" /><trkpt lat="39.487513" lon="19.925290" /><trkpt lat="39.487548" lon="19.925335" /><trkpt lat="39.487553" lon="19.925365" /><trkpt lat="39.487552" lon="19.925485" /><trkpt lat="39.487551" lon="19.925548" /><trkpt lat="39.487631" lon="19.925576" /><trkpt lat="39.487786" lon="19.925674" /><trkpt lat="39.488060" lon="19.925918" /><trkpt lat="39.488175" lon="19.926017" /><trkpt lat="39.488317" lon="19.926129" /><trkpt lat="39.488492" lon="19.926254" /><trkpt lat="39.488853" lon="19.926487" /><trkpt lat="39.488884" lon="19.926508" /><trkpt lat="39.489369" lon="19.926839" /><trkpt lat="39.489577" lon="19.926936" /><trkpt lat="39.489792" lon="19.927016" /><trkpt lat="39.490018" lon="19.927057" /><trkpt lat="39.490115" lon="19.927074" /><trkpt lat="39.490368" lon="19.926958" /><trkpt lat="39.490570" lon="19.926893" /><trkpt lat="39.490655" lon="19.926872" /><trkpt lat="39.490736" lon="19.926864" /><trkpt lat="39.491148" lon="19.926867" /><trkpt lat="39.491265" lon="19.926877" /><trkpt lat="39.491349" lon="19.926895" /><trkpt lat="39.491408" lon="19.926915" /><trkpt lat="39.491522" lon="19.926974" /><trkpt lat="39.491590" lon="19.927019" /><trkpt lat="39.491664" lon="19.927084" /><trkpt lat="39.491784" lon="19.927095" /><trkpt lat="39.492309" lon="19.927154" /><trkpt lat="39.492517" lon="19.927196" /><trkpt lat="39.492735" lon="19.927266" /><trkpt lat="39.493233" lon="19.927454" /><trkpt lat="39.493466" lon="19.927531" /><trkpt lat="39.493579" lon="19.927549" /><trkpt lat="39.493699" lon="19.927552" /><trkpt lat="39.493810" lon="19.927537" /><trkpt lat="39.494285" lon="19.927428" /><trkpt lat="39.494794" lon="19.927296" /><trkpt lat="39.494960" lon="19.927260" /><trkpt lat="39.495804" lon="19.927177" /><trkpt lat="39.495927" lon="19.927148" /><trkpt lat="39.496016" lon="19.927113" /><trkpt lat="39.496106" lon="19.927065" /><trkpt lat="39.496289" lon="19.926953" /><trkpt lat="39.496567" lon="19.926798" /><trkpt lat="39.497526" lon="19.926421" /><trkpt lat="39.497912" lon="19.926278" /><trkpt lat="39.498094" lon="19.926226" /><trkpt lat="39.498298" lon="19.926182" /><trkpt lat="39.498383" lon="19.926138" /><trkpt lat="39.498435" lon="19.926087" /><trkpt lat="39.498692" lon="19.925641" /><trkpt lat="39.498754" lon="19.925572" /><trkpt lat="39.498821" lon="19.925518" /><trkpt lat="39.498947" lon="19.925461" /><trkpt lat="39.499016" lon="19.925457" /><trkpt lat="39.499379" lon="19.925469" /><trkpt lat="39.499507" lon="19.925464" /><trkpt lat="39.499615" lon="19.925444" /><trkpt lat="39.499747" lon="19.925377" /><trkpt lat="39.500287" lon="19.924985" /><trkpt lat="39.500486" lon="19.924882" /><trkpt lat="39.500573" lon="19.924854" /><trkpt lat="39.500878" lon="19.924799" /><trkpt lat="39.500938" lon="19.924775" /><trkpt lat="39.500986" lon="19.924747" /><trkpt lat="39.501024" lon="19.924714" /><trkpt lat="39.501240" lon="19.924500" /><trkpt lat="39.501411" lon="19.924394" /><trkpt lat="39.502066" lon="19.924191" /><trkpt lat="39.502808" lon="19.924002" /><trkpt lat="39.503158" lon="19.923930" /><trkpt lat="39.503428" lon="19.923864" /><trkpt lat="39.504078" lon="19.923577" /><trkpt lat="39.504201" lon="19.923547" /><trkpt lat="39.504406" lon="19.923498" /><trkpt lat="39.504607" lon="19.923494" /><trkpt lat="39.505557" lon="19.923604" /><trkpt lat="39.505968" lon="19.923650" /><trkpt lat="39.506048" lon="19.923659" /><trkpt lat="39.506403" lon="19.923702" /><trkpt lat="39.506502" lon="19.923714" /><trkpt lat="39.507085" lon="19.923748" /><trkpt lat="39.507533" lon="19.923803" /><trkpt lat="39.507866" lon="19.923873" /><trkpt lat="39.507965" lon="19.923882" /><trkpt lat="39.508060" lon="19.923884" /><trkpt lat="39.508151" lon="19.923875" /><trkpt lat="39.508219" lon="19.923856" /><trkpt lat="39.508670" lon="19.923774" /><trkpt lat="39.508941" lon="19.923715" /><trkpt lat="39.509519" lon="19.923583" /><trkpt lat="39.509636" lon="19.923566" /><trkpt lat="39.509732" lon="19.923561" /><trkpt lat="39.509905" lon="19.923563" /><trkpt lat="39.510316" lon="19.923587" /><trkpt lat="39.510889" lon="19.923679" /><trkpt lat="39.511258" lon="19.923753" /><trkpt lat="39.511330" lon="19.923758" /><trkpt lat="39.511461" lon="19.923749" /><trkpt lat="39.511519" lon="19.923729" /><trkpt lat="39.511586" lon="19.923684" /><trkpt lat="39.512166" lon="19.922978" /><trkpt lat="39.512234" lon="19.922928" /><trkpt lat="39.512322" lon="19.922888" /><trkpt lat="39.512415" lon="19.922876" /><trkpt lat="39.512495" lon="19.922881" /><trkpt lat="39.512563" lon="19.922902" /><trkpt lat="39.512625" lon="19.922936" /><trkpt lat="39.512680" lon="19.922982" /><trkpt lat="39.512722" lon="19.923038" /><trkpt lat="39.512813" lon="19.923197" /><trkpt lat="39.512939" lon="19.923385" /><trkpt lat="39.513062" lon="19.923523" /><trkpt lat="39.513131" lon="19.923583" /><trkpt lat="39.513197" lon="19.923630" /><trkpt lat="39.513286" lon="19.923679" /><trkpt lat="39.513490" lon="19.923765" /><trkpt lat="39.513584" lon="19.923812" /><trkpt lat="39.513680" lon="19.923879" /><trkpt lat="39.514091" lon="19.924209" /><trkpt lat="39.514246" lon="19.924282" /><trkpt lat="39.514332" lon="19.924290" /><trkpt lat="39.514445" lon="19.924284" /><trkpt lat="39.515243" lon="19.924157" /><trkpt lat="39.515434" lon="19.924151" /><trkpt lat="39.515738" lon="19.924178" /><trkpt lat="39.515968" lon="19.924210" /><trkpt lat="39.516154" lon="19.924219" /><trkpt lat="39.516230" lon="19.924202" /><trkpt lat="39.516694" lon="19.924002" /><trkpt lat="39.516954" lon="19.923954" /><trkpt lat="39.517633" lon="19.923852" /><trkpt lat="39.517742" lon="19.923823" /><trkpt lat="39.517904" lon="19.923762" /><trkpt lat="39.518429" lon="19.923599" /><trkpt lat="39.518701" lon="19.923521" /><trkpt lat="39.519000" lon="19.923459" /><trkpt lat="39.519070" lon="19.923452" /><trkpt lat="39.519137" lon="19.923446" /><trkpt lat="39.519442" lon="19.923422" /><trkpt lat="39.519879" lon="19.923385" /><trkpt lat="39.520054" lon="19.923335" /><trkpt lat="39.520243" lon="19.923250" /><trkpt lat="39.520508" lon="19.923126" /><trkpt lat="39.520727" lon="19.923046" /><trkpt lat="39.521580" lon="19.922828" /><trkpt lat="39.521850" lon="19.922772" /><trkpt lat="39.521924" lon="19.922760" /><trkpt lat="39.522012" lon="19.922746" /><trkpt lat="39.522074" lon="19.922742" /><trkpt lat="39.522134" lon="19.922738" /><trkpt lat="39.522493" lon="19.922751" /><trkpt lat="39.522795" lon="19.922759" /><trkpt lat="39.523027" lon="19.922763" /><trkpt lat="39.523138" lon="19.922743" /><trkpt lat="39.523207" lon="19.922715" /><trkpt lat="39.523277" lon="19.922675" /><trkpt lat="39.523350" lon="19.922618" /><trkpt lat="39.523458" lon="19.922509" /><trkpt lat="39.523543" lon="19.922447" /><trkpt lat="39.523611" lon="19.922415" /><trkpt lat="39.523675" lon="19.922400" /><trkpt lat="39.523751" lon="19.922402" /><trkpt lat="39.523816" lon="19.922420" /><trkpt lat="39.523867" lon="19.922445" /><trkpt lat="39.524541" lon="19.922848" /><trkpt lat="39.524630" lon="19.922872" /><trkpt lat="39.524709" lon="19.922879" /><trkpt lat="39.524801" lon="19.922868" /><trkpt lat="39.524978" lon="19.922787" /><trkpt lat="39.525165" lon="19.922725" /><trkpt lat="39.525258" lon="19.922711" /><trkpt lat="39.525333" lon="19.922712" /><trkpt lat="39.525459" lon="19.922722" /><trkpt lat="39.526088" lon="19.922749" /><trkpt lat="39.527314" lon="19.922805" /><trkpt lat="39.527386" lon="19.922794" /><trkpt lat="39.527447" lon="19.922770" /><trkpt lat="39.527547" lon="19.922722" /><trkpt lat="39.527593" lon="19.922689" /><trkpt lat="39.527682" lon="19.922594" /><trkpt lat="39.528026" lon="19.922120" /><trkpt lat="39.528073" lon="19.922063" /><trkpt lat="39.528134" lon="19.922004" /><trkpt lat="39.528191" lon="19.921962" /><trkpt lat="39.528370" lon="19.921871" /><trkpt lat="39.528585" lon="19.921792" /><trkpt lat="39.529408" lon="19.921421" /><trkpt lat="39.529482" lon="19.921381" /><trkpt lat="39.529543" lon="19.921334" /><trkpt lat="39.529623" lon="19.921259" /><trkpt lat="39.529842" lon="19.921079" /><trkpt lat="39.530139" lon="19.920861" /><trkpt lat="39.530226" lon="19.920808" /><trkpt lat="39.531032" lon="19.920435" /><trkpt lat="39.531217" lon="19.920343" /><trkpt lat="39.531373" lon="19.920217" /><trkpt lat="39.532201" lon="19.919430" /><trkpt lat="39.532271" lon="19.919379" /><trkpt lat="39.532415" lon="19.919309" /><trkpt lat="39.532551" lon="19.919277" /><trkpt lat="39.532652" lon="19.919267" /><trkpt lat="39.534127" lon="19.918949" /><trkpt lat="39.534258" lon="19.918899" /><trkpt lat="39.534356" lon="19.918850" /><trkpt lat="39.534517" lon="19.918741" /><trkpt lat="39.534877" lon="19.918460" /><trkpt lat="39.535489" lon="19.917920" /><trkpt lat="39.535543" lon="19.917862" /><trkpt lat="39.535603" lon="19.917781" /><trkpt lat="39.535652" lon="19.917709" /><trkpt lat="39.535801" lon="19.917459" /><trkpt lat="39.535944" lon="19.917260" /><trkpt lat="39.536033" lon="19.917188" /><trkpt lat="39.536136" lon="19.917119" /><trkpt lat="39.536216" lon="19.917076" /><trkpt lat="39.536347" lon="19.917037" /><trkpt lat="39.537603" lon="19.916913" /><trkpt lat="39.537722" lon="19.916905" /><trkpt lat="39.537823" lon="19.916911" /><trkpt lat="39.537915" lon="19.916928" /><trkpt lat="39.537986" lon="19.916959" /><trkpt lat="39.538136" lon="19.917061" /><trkpt lat="39.538459" lon="19.917324" /><trkpt lat="39.538565" lon="19.917371" /><trkpt lat="39.538633" lon="19.917392" /><trkpt lat="39.538703" lon="19.917405" /><trkpt lat="39.538793" lon="19.917398" /><trkpt lat="39.538893" lon="19.917385" /><trkpt lat="39.538986" lon="19.917355" /><trkpt lat="39.539196" lon="19.917265" /><trkpt lat="39.539357" lon="19.917155" /><trkpt lat="39.539465" lon="19.917063" /><trkpt lat="39.540299" lon="19.916186" /><trkpt lat="39.540653" lon="19.915784" /><trkpt lat="39.540729" lon="19.915686" /><trkpt lat="39.540845" lon="19.915493" /><trkpt lat="39.541049" lon="19.915120" /><trkpt lat="39.541269" lon="19.914878" /><trkpt lat="39.541310" lon="19.914840" /><trkpt lat="39.541461" lon="19.914756" /><trkpt lat="39.541649" lon="19.914648" /><trkpt lat="39.541935" lon="19.914484" /><trkpt lat="39.542418" lon="19.914224" /><trkpt lat="39.542470" lon="19.914202" /><trkpt lat="39.542583" lon="19.914198" /><trkpt lat="39.543430" lon="19.914341" /><trkpt lat="39.543565" lon="19.914353" /><trkpt lat="39.543753" lon="19.914371" /><trkpt lat="39.544354" lon="19.914449" /><trkpt lat="39.544488" lon="19.914447" /><trkpt lat="39.544621" lon="19.914431" /><trkpt lat="39.544709" lon="19.914412" /><trkpt lat="39.544743" lon="19.914521" /><trkpt lat="39.544766" lon="19.914551" /><trkpt lat="39.544835" lon="19.914568" /><trkpt lat="39.544953" lon="19.914544" /><trkpt lat="39.545242" lon="19.914451" /><trkpt lat="39.545354" lon="19.914391" /><trkpt lat="39.545404" lon="19.914344" /><trkpt lat="39.545450" lon="19.914289" /><trkpt lat="39.545472" lon="19.914219" /><trkpt lat="39.545479" lon="19.914109" /><trkpt lat="39.545528" lon="19.914074" /><trkpt lat="39.545656" lon="19.913931" /><trkpt lat="39.546001" lon="19.913545" /><trkpt lat="39.546270" lon="19.913209" /><trkpt lat="39.546389" lon="19.913080" /><trkpt lat="39.546418" lon="19.913050" /><trkpt lat="39.546570" lon="19.912899" /><trkpt lat="39.546718" lon="19.912761" /><trkpt lat="39.546820" lon="19.912667" /><trkpt lat="39.546914" lon="19.912583" /><trkpt lat="39.547044" lon="19.912483" /><trkpt lat="39.547115" lon="19.912451" /><trkpt lat="39.547200" lon="19.912414" /><trkpt lat="39.547362" lon="19.912374" /><trkpt lat="39.547855" lon="19.912309" /><trkpt lat="39.547976" lon="19.912286" /><trkpt lat="39.548128" lon="19.912256" /><trkpt lat="39.548368" lon="19.912166" /><trkpt lat="39.548552" lon="19.912120" /><trkpt lat="39.548708" lon="19.912104" /><trkpt lat="39.548902" lon="19.912097" /><trkpt lat="39.549110" lon="19.912108" /><trkpt lat="39.549727" lon="19.912249" /><trkpt lat="39.549864" lon="19.912265" /><trkpt lat="39.549959" lon="19.912270" /><trkpt lat="39.550345" lon="19.912242" /><trkpt lat="39.550705" lon="19.912232" /><trkpt lat="39.551154" lon="19.912254" /><trkpt lat="39.551492" lon="19.912346" /><trkpt lat="39.552043" lon="19.912529" /><trkpt lat="39.552677" lon="19.912770" /><trkpt lat="39.552883" lon="19.912813" /><trkpt lat="39.552994" lon="19.912823" /><trkpt lat="39.553088" lon="19.912817" /><trkpt lat="39.553191" lon="19.912789" /><trkpt lat="39.553272" lon="19.912752" /><trkpt lat="39.553564" lon="19.912571" /><trkpt lat="39.553695" lon="19.912518" /><trkpt lat="39.553806" lon="19.912488" /><trkpt lat="39.553910" lon="19.912473" /><trkpt lat="39.554242" lon="19.912449" /><trkpt lat="39.554417" lon="19.912371" /><trkpt lat="39.554616" lon="19.912231" /><trkpt lat="39.554840" lon="19.912119" /><trkpt lat="39.554952" lon="19.912081" /><trkpt lat="39.555160" lon="19.912028" /><trkpt lat="39.555304" lon="19.911970" /><trkpt lat="39.555504" lon="19.911843" /><trkpt lat="39.555666" lon="19.911702" /><trkpt lat="39.555772" lon="19.911638" /><trkpt lat="39.555852" lon="19.911620" /><trkpt lat="39.556107" lon="19.911588" /><trkpt lat="39.556398" lon="19.911503" /><trkpt lat="39.556532" lon="19.911483" /><trkpt lat="39.556583" lon="19.911493" /><trkpt lat="39.556808" lon="19.911619" /><trkpt lat="39.556894" lon="19.911638" /><trkpt lat="39.556987" lon="19.911643" /><trkpt lat="39.557080" lon="19.911617" /><trkpt lat="39.557425" lon="19.911453" /><trkpt lat="39.557517" lon="19.911421" /><trkpt lat="39.557624" lon="19.911409" /><trkpt lat="39.557917" lon="19.911419" /><trkpt lat="39.557995" lon="19.911408" /><trkpt lat="39.558160" lon="19.911362" /><trkpt lat="39.558563" lon="19.911276" /><trkpt lat="39.559416" lon="19.911205" /><trkpt lat="39.559521" lon="19.911178" /><trkpt lat="39.559627" lon="19.911124" /><trkpt lat="39.559923" lon="19.910925" /><trkpt lat="39.560155" lon="19.910796" /><trkpt lat="39.560373" lon="19.910719" /><trkpt lat="39.560498" lon="19.910727" /><trkpt lat="39.560593" lon="19.910749" /><trkpt lat="39.560763" lon="19.910759" /><trkpt lat="39.560987" lon="19.910789" /><trkpt lat="39.561105" lon="19.910790" /><trkpt lat="39.561230" lon="19.910757" /><trkpt lat="39.561313" lon="19.910709" /><trkpt lat="39.561405" lon="19.910634" /><trkpt lat="39.561536" lon="19.910543" /><trkpt lat="39.561751" lon="19.910406" /><trkpt lat="39.561893" lon="19.910320" /><trkpt lat="39.562080" lon="19.910245" /><trkpt lat="39.562482" lon="19.910169" /><trkpt lat="39.563367" lon="19.910146" /><trkpt lat="39.563924" lon="19.910142" /><trkpt lat="39.564538" lon="19.910156" /><trkpt lat="39.564953" lon="19.910184" /><trkpt lat="39.565220" lon="19.910214" /><trkpt lat="39.565155" lon="19.909344" /><trkpt lat="39.565154" lon="19.908831" /><trkpt lat="39.565170" lon="19.908769" /><trkpt lat="39.565192" lon="19.908733" /><trkpt lat="39.565221" lon="19.908708" /><trkpt lat="39.565650" lon="19.908573" /><trkpt lat="39.565683" lon="19.908547" /><trkpt lat="39.565695" lon="19.908502" /><trkpt lat="39.565693" lon="19.908421" /><trkpt lat="39.565654" lon="19.908312" /><trkpt lat="39.565618" lon="19.908153" /><trkpt lat="39.565611" lon="19.908072" /><trkpt lat="39.565615" lon="19.907939" /><trkpt lat="39.565631" lon="19.907786" /><trkpt lat="39.565635" lon="19.907690" /><trkpt lat="39.565629" lon="19.907618" /><trkpt lat="39.565596" lon="19.907453" /><trkpt lat="39.565580" lon="19.907274" /><trkpt lat="39.565564" lon="19.907246" /><trkpt lat="39.565533" lon="19.907216" /><trkpt lat="39.565458" lon="19.907109" /><trkpt lat="39.565310" lon="19.906791" /><trkpt lat="39.565260" lon="19.906732" /><trkpt lat="39.565145" lon="19.906647" /><trkpt lat="39.565089" lon="19.906564" /><trkpt lat="39.564916" lon="19.906277" /><trkpt lat="39.564655" lon="19.906013" /><trkpt lat="39.564631" lon="19.905948" /><trkpt lat="39.564638" lon="19.905884" /><trkpt lat="39.564713" lon="19.905579" /><trkpt lat="39.564736" lon="19.905553" /><trkpt lat="39.564765" lon="19.905545" /><trkpt lat="39.564846" lon="19.905552" /><trkpt lat="39.564877" lon="19.905539" /><trkpt lat="39.564902" lon="19.905513" /><trkpt lat="39.564947" lon="19.905439" /><trkpt lat="39.565003" lon="19.905410" /><trkpt lat="39.565067" lon="19.905412" /><trkpt lat="39.565284" lon="19.905455" /><trkpt lat="39.565372" lon="19.905439" /><trkpt lat="39.565915" lon="19.905113" /><trkpt lat="39.566190" lon="19.904914" /><trkpt lat="39.566281" lon="19.904862" /><trkpt lat="39.566389" lon="19.904826" /><trkpt lat="39.566626" lon="19.904790" /><trkpt lat="39.566809" lon="19.904784" /><trkpt lat="39.566904" lon="19.904770" /><trkpt lat="39.566949" lon="19.904694" /><trkpt lat="39.567194" lon="19.904160" /><trkpt lat="39.567276" lon="19.904021" /><trkpt lat="39.567315" lon="19.903971" /><trkpt lat="39.567608" lon="19.903645" /><trkpt lat="39.567678" lon="19.903584" /><trkpt lat="39.567846" lon="19.903471" /><trkpt lat="39.567955" lon="19.903351" /><trkpt lat="39.567996" lon="19.903277" /><trkpt lat="39.568032" lon="19.903103" /><trkpt lat="39.568226" lon="19.903162" /><trkpt lat="39.568590" lon="19.903330" /><trkpt lat="39.568693" lon="19.903364" /><trkpt lat="39.568823" lon="19.903440" /><trkpt lat="39.569123" lon="19.903745" /><trkpt lat="39.569231" lon="19.903839" /><trkpt lat="39.569359" lon="19.903918" /><trkpt lat="39.569516" lon="19.903967" /><trkpt lat="39.569870" lon="19.904100" /><trkpt lat="39.570015" lon="19.904178" /><trkpt lat="39.570087" lon="19.904227" /><trkpt lat="39.570146" lon="19.904289" /><trkpt lat="39.570301" lon="19.904487" /><trkpt lat="39.570419" lon="19.904607" /><trkpt lat="39.570525" lon="19.904663" /><trkpt lat="39.570682" lon="19.904709" /><trkpt lat="39.570800" lon="19.904702" /><trkpt lat="39.570904" lon="19.904687" /><trkpt lat="39.571198" lon="19.904623" /><trkpt lat="39.571281" lon="19.904620" /><trkpt lat="39.571356" lon="19.904634" /><trkpt lat="39.571484" lon="19.904680" /><trkpt lat="39.571512" lon="19.904625" /><trkpt lat="39.571541" lon="19.904593" /><trkpt lat="39.571589" lon="19.904565" /><trkpt lat="39.572064" lon="19.904382" /><trkpt lat="39.572325" lon="19.904228" /><trkpt lat="39.572532" lon="19.904048" /><trkpt lat="39.572657" lon="19.903961" /><trkpt lat="39.572779" lon="19.903926" /><trkpt lat="39.572947" lon="19.903902" /><trkpt lat="39.573331" lon="19.903878" /><trkpt lat="39.573586" lon="19.903873" /><trkpt lat="39.573590" lon="19.903676" /><trkpt lat="39.573582" lon="19.903610" /><trkpt lat="39.573557" lon="19.903553" /><trkpt lat="39.573497" lon="19.903465" /><trkpt lat="39.573492" lon="19.903413" /><trkpt lat="39.573495" lon="19.903378" /><trkpt lat="39.573511" lon="19.903345" /><trkpt lat="39.573663" lon="19.903125" /><trkpt lat="39.573686" lon="19.903052" /><trkpt lat="39.573684" lon="19.902976" /><trkpt lat="39.573667" lon="19.902909" /><trkpt lat="39.573588" lon="19.902796" /><trkpt lat="39.573963" lon="19.902313" /><trkpt lat="39.574116" lon="19.902128" /><trkpt lat="39.574129" lon="19.902061" /><trkpt lat="39.574123" lon="19.901944" /><trkpt lat="39.574101" lon="19.901889" /><trkpt lat="39.574054" lon="19.901832" /><trkpt lat="39.573974" lon="19.901762" /><trkpt lat="39.573957" lon="19.901719" /><trkpt lat="39.573959" lon="19.901668" /><trkpt lat="39.573977" lon="19.901573" /><trkpt lat="39.573982" lon="19.901449" /><trkpt lat="39.573976" lon="19.900928" /><trkpt lat="39.573989" lon="19.900870" /><trkpt lat="39.574012" lon="19.900819" /><trkpt lat="39.574266" lon="19.900805" /><trkpt lat="39.574593" lon="19.900741" /><trkpt lat="39.574725" lon="19.900738" /><trkpt lat="39.574802" lon="19.900754" /><trkpt lat="39.575130" lon="19.900838" /><trkpt lat="39.575223" lon="19.900883" /><trkpt lat="39.575645" lon="19.901125" /><trkpt lat="39.575709" lon="19.901138" /><trkpt lat="39.575781" lon="19.901141" /><trkpt lat="39.575986" lon="19.901127" /><trkpt lat="39.576137" lon="19.901103" /><trkpt lat="39.576269" lon="19.901130" /><trkpt lat="39.576515" lon="19.901229" /><trkpt lat="39.576680" lon="19.901340" /><trkpt lat="39.576798" lon="19.901442" /><trkpt lat="39.577073" lon="19.901735" /><trkpt lat="39.577328" lon="19.901980" /><trkpt lat="39.577458" lon="19.902048" /><trkpt lat="39.577600" lon="19.902048" /><trkpt lat="39.577808" lon="19.901980" /><trkpt lat="39.577991" lon="19.901966" /><trkpt lat="39.578162" lon="19.902063" /><trkpt lat="39.578382" lon="19.902217" /><trkpt lat="39.578564" lon="19.902352" /><trkpt lat="39.578773" lon="19.902521" /><trkpt lat="39.578903" lon="19.902637" /><trkpt lat="39.579038" lon="19.902659" /><trkpt lat="39.579147" lon="19.902638" /><trkpt lat="39.579209" lon="19.902570" /><trkpt lat="39.579266" lon="19.902223" /><trkpt lat="39.579277" lon="19.902108" /><trkpt lat="39.579265" lon="19.902057" /><trkpt lat="39.579214" lon="19.901910" /><trkpt lat="39.579194" lon="19.901803" /><trkpt lat="39.579161" lon="19.900829" /><trkpt lat="39.579138" lon="19.900658" /><trkpt lat="39.579088" lon="19.900530" /><trkpt lat="39.578660" lon="19.899938" /><trkpt lat="39.578565" lon="19.899751" /><trkpt lat="39.578526" lon="19.899606" /><trkpt lat="39.578504" lon="19.899449" /><trkpt lat="39.578483" lon="19.898742" /><trkpt lat="39.578488" lon="19.898594" /><trkpt lat="39.578509" lon="19.898458" /><trkpt lat="39.578593" lon="19.898112" /><trkpt lat="39.578681" lon="19.897784" /><trkpt lat="39.578703" lon="19.897580" /><trkpt lat="39.578747" lon="19.897261" /><trkpt lat="39.578754" lon="19.897088" /><trkpt lat="39.578718" lon="19.896620" /><trkpt lat="39.578739" lon="19.896478" /><trkpt lat="39.578802" lon="19.896342" /><trkpt lat="39.578945" lon="19.896195" /><trkpt lat="39.579045" lon="19.896053" /><trkpt lat="39.579087" lon="19.895908" /><trkpt lat="39.579137" lon="19.895528" /><trkpt lat="39.579136" lon="19.895445" /><trkpt lat="39.579128" lon="19.895399" /><trkpt lat="39.579004" lon="19.894878" /><trkpt lat="39.578995" lon="19.894796" /><trkpt lat="39.578994" lon="19.894710" /><trkpt lat="39.579010" lon="19.894616" /><trkpt lat="39.579091" lon="19.894418" /><trkpt lat="39.579138" lon="19.894353" /><trkpt lat="39.579216" lon="19.894300" /><trkpt lat="39.579297" lon="19.894257" /><trkpt lat="39.579404" lon="19.894173" /><trkpt lat="39.579446" lon="19.894091" /><trkpt lat="39.579462" lon="19.894006" /><trkpt lat="39.579465" lon="19.893888" /><trkpt lat="39.579420" lon="19.893713" /><trkpt lat="39.579310" lon="19.893436" /><trkpt lat="39.579210" lon="19.893105" /><trkpt lat="39.579191" lon="19.893064" /><trkpt lat="39.579160" lon="19.893024" /><trkpt lat="39.579671" lon="19.892970" /><trkpt lat="39.580392" lon="19.892895" /><trkpt lat="39.580754" lon="19.892883" /><trkpt lat="39.580931" lon="19.892895" /><trkpt lat="39.581019" lon="19.892910" /><trkpt lat="39.581550" lon="19.893048" /><trkpt lat="39.581554" lon="19.893076" /><trkpt lat="39.581574" lon="19.893103" /><trkpt lat="39.581609" lon="19.893127" /><trkpt lat="39.581836" lon="19.893237" /><trkpt lat="39.581878" lon="19.893300" /><trkpt lat="39.581949" lon="19.893415" /><trkpt lat="39.581913" lon="19.893476" /><trkpt lat="39.581862" lon="19.893592" /><trkpt lat="39.581840" lon="19.893690" /><trkpt lat="39.581859" lon="19.893795" /><trkpt lat="39.581927" lon="19.893894" /><trkpt lat="39.581975" lon="19.893919" /><trkpt lat="39.582004" lon="19.893934" /><trkpt lat="39.582504" lon="19.893955" /><trkpt lat="39.582587" lon="19.893974" /><trkpt lat="39.582670" lon="19.894022" /><trkpt lat="39.582690" lon="19.894047" /><trkpt lat="39.582709" lon="19.894073" /><trkpt lat="39.582874" lon="19.894015" /><trkpt lat="39.583047" lon="19.893929" /><trkpt lat="39.583286" lon="19.893825" /><trkpt lat="39.583416" lon="19.893768" /><trkpt lat="39.583475" lon="19.893733" /><trkpt lat="39.583496" lon="19.893706" /><trkpt lat="39.583513" lon="19.893685" /><trkpt lat="39.583554" lon="19.893584" /><trkpt lat="39.583681" lon="19.893573" /><trkpt lat="39.583766" lon="19.893555" /><trkpt lat="39.583836" lon="19.893531" /><trkpt lat="39.583986" lon="19.893460" /><trkpt lat="39.584278" lon="19.893305" /><trkpt lat="39.584551" lon="19.893166" /><trkpt lat="39.584855" lon="19.893025" /><trkpt lat="39.585057" lon="19.892935" /><trkpt lat="39.585271" lon="19.892843" /><trkpt lat="39.585393" lon="19.892805" /><trkpt lat="39.585507" lon="19.892782" /><trkpt lat="39.586312" lon="19.892669" /><trkpt lat="39.586657" lon="19.892634" /><trkpt lat="39.586782" lon="19.892639" /><trkpt lat="39.586992" lon="19.892682" /><trkpt lat="39.587143" lon="19.892727" /><trkpt lat="39.587520" lon="19.892861" /><trkpt lat="39.588336" lon="19.893133" /><trkpt lat="39.588728" lon="19.893258" /><trkpt lat="39.589021" lon="19.893350" /><trkpt lat="39.589204" lon="19.893383" /><trkpt lat="39.589472" lon="19.893382" /><trkpt lat="39.589607" lon="19.893358" /><trkpt lat="39.589722" lon="19.893318" /><trkpt lat="39.590182" lon="19.893115" /><trkpt lat="39.590393" lon="19.893024" /><trkpt lat="39.590477" lon="19.892988" /><trkpt lat="39.590775" lon="19.892851" /><trkpt lat="39.590862" lon="19.892816" /><trkpt lat="39.590972" lon="19.892785" /><trkpt lat="39.591091" lon="19.892763" /><trkpt lat="39.591100" lon="19.892761" /><trkpt lat="39.591872" lon="19.892635" /><trkpt lat="39.592006" lon="19.892617" /><trkpt lat="39.592321" lon="19.892587" /><trkpt lat="39.592378" lon="19.892585" /><trkpt lat="39.592401" lon="19.892587" /><trkpt lat="39.593018" lon="19.892633" /><trkpt lat="39.593651" lon="19.892668" /><trkpt lat="39.593719" lon="19.892588" /><trkpt lat="39.593744" lon="19.892531" /><trkpt lat="39.593758" lon="19.892486" /><trkpt lat="39.593940" lon="19.892437" /><trkpt lat="39.594013" lon="19.892399" /><trkpt lat="39.594113" lon="19.892306" /><trkpt lat="39.594185" lon="19.892207" /><trkpt lat="39.594236" lon="19.892104" /><trkpt lat="39.594281" lon="19.892029" /><trkpt lat="39.594509" lon="19.891803" /><trkpt lat="39.594566" lon="19.891715" /><trkpt lat="39.594607" lon="19.891623" /><trkpt lat="39.594621" lon="19.891592" /><trkpt lat="39.594651" lon="19.891470" /><trkpt lat="39.594666" lon="19.891362" /><trkpt lat="39.594686" lon="19.891284" /><trkpt lat="39.594712" lon="19.891228" /><trkpt lat="39.594754" lon="19.891166" /><trkpt lat="39.595015" lon="19.890874" /><trkpt lat="39.595041" lon="19.890811" /><trkpt lat="39.595065" lon="19.890732" /><trkpt lat="39.595082" lon="19.890631" /><trkpt lat="39.595097" lon="19.890406" /><trkpt lat="39.595413" lon="19.890270" /><trkpt lat="39.595495" lon="19.890205" /><trkpt lat="39.595567" lon="19.890132" /><trkpt lat="39.595661" lon="19.890055" /><trkpt lat="39.595797" lon="19.889985" /><trkpt lat="39.595845" lon="19.889976" /><trkpt lat="39.596037" lon="19.889811" /><trkpt lat="39.596439" lon="19.889460" /><trkpt lat="39.596460" lon="19.889426" /><trkpt lat="39.596471" lon="19.889389" /><trkpt lat="39.596549" lon="19.889398" /><trkpt lat="39.596638" lon="19.889397" /><trkpt lat="39.596787" lon="19.889385" /><trkpt lat="39.596815" lon="19.889437" /><trkpt lat="39.597254" lon="19.890017" /><trkpt lat="39.597389" lon="19.890266" /><trkpt lat="39.597708" lon="19.890949" /><trkpt lat="39.597787" lon="19.891203" /><trkpt lat="39.597802" lon="19.891273" /><trkpt lat="39.597928" lon="19.892076" /><trkpt lat="39.597952" lon="19.892178" /><trkpt lat="39.597972" lon="19.892237" /><trkpt lat="39.597999" lon="19.892291" /><trkpt lat="39.598096" lon="19.892395" /><trkpt lat="39.598575" lon="19.892752" /><trkpt lat="39.598945" lon="19.892982" /><trkpt lat="39.599403" lon="19.893215" /><trkpt lat="39.599363" lon="19.893094" /><trkpt lat="39.599311" lon="19.892972" /><trkpt lat="39.599233" lon="19.892756" /><trkpt lat="39.599201" lon="19.892602" /><trkpt lat="39.599204" lon="19.892454" /><trkpt lat="39.599223" lon="19.892379" /><trkpt lat="39.599345" lon="19.892196" /><trkpt lat="39.599457" lon="19.892006" /><trkpt lat="39.599603" lon="19.891693" /><trkpt lat="39.599635" lon="19.891612" /><trkpt lat="39.599707" lon="19.891291" /><trkpt lat="39.599768" lon="19.890895" /><trkpt lat="39.599789" lon="19.890727" /><trkpt lat="39.599825" lon="19.890304" /><trkpt lat="39.599871" lon="19.890294" /><trkpt lat="39.599944" lon="19.890246" /><trkpt lat="39.599977" lon="19.890235" /><trkpt lat="39.600042" lon="19.890229" /><trkpt lat="39.600194" lon="19.890237" /><trkpt lat="39.600654" lon="19.890306" /><trkpt lat="39.600773" lon="19.890349" /><trkpt lat="39.600820" lon="19.890388" /><trkpt lat="39.600858" lon="19.890436" /><trkpt lat="39.600970" lon="19.890661" /><trkpt lat="39.601012" lon="19.890692" /><trkpt lat="39.601036" lon="19.890686" /><trkpt lat="39.601329" lon="19.890306" /><trkpt lat="39.601422" lon="19.890264" /><trkpt lat="39.601487" lon="19.890274" /><trkpt lat="39.601633" lon="19.890337" /><trkpt lat="39.601710" lon="19.890389" /><trkpt lat="39.601842" lon="19.890541" /><trkpt lat="39.601862" lon="19.890545" /><trkpt lat="39.601899" lon="19.890525" /><trkpt lat="39.602072" lon="19.890291" /><trkpt lat="39.602080" lon="19.890215" /><trkpt lat="39.602049" lon="19.889915" /><trkpt lat="39.602051" lon="19.889853" /><trkpt lat="39.602069" lon="19.889795" /><trkpt lat="39.602203" lon="19.889608" /><trkpt lat="39.602252" lon="19.889512" /><trkpt lat="39.602347" lon="19.889162" /><trkpt lat="39.602414" lon="19.889070" /><trkpt lat="39.602616" lon="19.888996" /><trkpt lat="39.602662" lon="19.888962" /><trkpt lat="39.602698" lon="19.888911" /><trkpt lat="39.602749" lon="19.888811" /><trkpt lat="39.602766" lon="19.888743" /><trkpt lat="39.602765" lon="19.888672" /><trkpt lat="39.602743" lon="19.888566" /><trkpt lat="39.602753" lon="19.888499" /><trkpt lat="39.602965" lon="19.888160" /><trkpt lat="39.603171" lon="19.887983" /><trkpt lat="39.603385" lon="19.887595" /><trkpt lat="39.603456" lon="19.887510" /><trkpt lat="39.603536" lon="19.887454" /><trkpt lat="39.603673" lon="19.887399" /><trkpt lat="39.603669" lon="19.887439" /><trkpt lat="39.603681" lon="19.887477" /><trkpt lat="39.603703" lon="19.887518" /><trkpt lat="39.603784" lon="19.887626" /><trkpt lat="39.604018" lon="19.888104" /><trkpt lat="39.604204" lon="19.888518" /><trkpt lat="39.604299" lon="19.888730" /><trkpt lat="39.604412" lon="19.888958" /><trkpt lat="39.604418" lon="19.889103" /><trkpt lat="39.604394" lon="19.889357" /><trkpt lat="39.604432" lon="19.889522" /><trkpt lat="39.604658" lon="19.889900" /><trkpt lat="39.604694" lon="19.890050" /><trkpt lat="39.604717" lon="19.890334" /><trkpt lat="39.604846" lon="19.890192" /><trkpt lat="39.605296" lon="19.889540" /><trkpt lat="39.605353" lon="19.889476" /><trkpt lat="39.605477" lon="19.889386" /><trkpt lat="39.605713" lon="19.888924" /><trkpt lat="39.605767" lon="19.888895" /><trkpt lat="39.606268" lon="19.888865" /><trkpt lat="39.606888" lon="19.888620" /><trkpt lat="39.607165" lon="19.888614" /><trkpt lat="39.607383" lon="19.888409" /><trkpt lat="39.607459" lon="19.888383" /><trkpt lat="39.607676" lon="19.888367" /><trkpt lat="39.608002" lon="19.888312" /><trkpt lat="39.608094" lon="19.888310" /><trkpt lat="39.608242" lon="19.888377" /><trkpt lat="39.608585" lon="19.888573" /><trkpt lat="39.608462" lon="19.888953" /><trkpt lat="39.608422" lon="19.889104" /><trkpt lat="39.608399" lon="19.889215" /><trkpt lat="39.608390" lon="19.889328" /><trkpt lat="39.608410" lon="19.889434" /><trkpt lat="39.608511" lon="19.889685" /><trkpt lat="39.608528" lon="19.889747" /><trkpt lat="39.608556" lon="19.889919" /><trkpt lat="39.608562" lon="19.890170" /><trkpt lat="39.608574" lon="19.890276" /><trkpt lat="39.608607" lon="19.890383" /><trkpt lat="39.608659" lon="19.890471" /><trkpt lat="39.608719" lon="19.890601" /><trkpt lat="39.608834" lon="19.890952" /><trkpt lat="39.608936" lon="19.891326" /><trkpt lat="39.609058" lon="19.891681" /><trkpt lat="39.609121" lon="19.891896" /><trkpt lat="39.609135" lon="19.891964" /><trkpt lat="39.609199" lon="19.891924" /><trkpt lat="39.609233" lon="19.891879" /><trkpt lat="39.609334" lon="19.891660" /><trkpt lat="39.609394" lon="19.891564" /><trkpt lat="39.609541" lon="19.891443" /><trkpt lat="39.609733" lon="19.891265" /><trkpt lat="39.609801" lon="19.891228" /><trkpt lat="39.609935" lon="19.891201" /><trkpt lat="39.610010" lon="19.891210" /><trkpt lat="39.610133" lon="19.891240" /><trkpt lat="39.610222" lon="19.891286" /><trkpt lat="39.610269" lon="19.891341" /><trkpt lat="39.610313" lon="19.891407" /><trkpt lat="39.610373" lon="19.891622" /><trkpt lat="39.610389" lon="19.891662" /><trkpt lat="39.610412" lon="19.891677" /><trkpt lat="39.610437" lon="19.891679" /><trkpt lat="39.610464" lon="19.891667" /><trkpt lat="39.610671" lon="19.891498" /><trkpt lat="39.610704" lon="19.891461" /><trkpt lat="39.610749" lon="19.891358" /><trkpt lat="39.610799" lon="19.891148" /><trkpt lat="39.610862" lon="19.890994" /><trkpt lat="39.610888" lon="19.890946" /><trkpt lat="39.610920" lon="19.890904" /><trkpt lat="39.611019" lon="19.890800" /><trkpt lat="39.611152" lon="19.890673" /><trkpt lat="39.611219" lon="19.890633" /><trkpt lat="39.611358" lon="19.890626" /><trkpt lat="39.611674" lon="19.890628" /><trkpt lat="39.611762" lon="19.890612" /><trkpt lat="39.611802" lon="19.890595" /><trkpt lat="39.611873" lon="19.890544" /><trkpt lat="39.611912" lon="19.890498" /><trkpt lat="39.611974" lon="19.890368" /><trkpt lat="39.612013" lon="19.890263" /><trkpt lat="39.612084" lon="19.889928" /><trkpt lat="39.612121" lon="19.889771" /><trkpt lat="39.612152" lon="19.889693" /><trkpt lat="39.612182" lon="19.889653" /><trkpt lat="39.612223" lon="19.889624" /><trkpt lat="39.612274" lon="19.889622" /><trkpt lat="39.612440" lon="19.889663" /><trkpt lat="39.612528" lon="19.889677" /><trkpt lat="39.612601" lon="19.889671" /><trkpt lat="39.613043" lon="19.889544" /><trkpt lat="39.613513" lon="19.889437" /><trkpt lat="39.613507" lon="19.889266" /><trkpt lat="39.613520" lon="19.888278" /><trkpt lat="39.613543" lon="19.887477" /><trkpt lat="39.613955" lon="19.887235" /><trkpt lat="39.613993" lon="19.887216" /><trkpt lat="39.614044" lon="19.887188" /><trkpt lat="39.614141" lon="19.887180" /><trkpt lat="39.614294" lon="19.887206" /><trkpt lat="39.614598" lon="19.887273" /><trkpt lat="39.614627" lon="19.887266" /><trkpt lat="39.614655" lon="19.887241" /><trkpt lat="39.614707" lon="19.887108" /><trkpt lat="39.614735" lon="19.887076" /><trkpt lat="39.614766" lon="19.887058" /><trkpt lat="39.614835" lon="19.887048" /><trkpt lat="39.614860" lon="19.887032" /><trkpt lat="39.614877" lon="19.886998" /><trkpt lat="39.614895" lon="19.886805" /><trkpt lat="39.614916" lon="19.886770" /><trkpt lat="39.614959" lon="19.886742" /><trkpt lat="39.615305" lon="19.886588" /><trkpt lat="39.615742" lon="19.886443" /><trkpt lat="39.615823" lon="19.886394" /><trkpt lat="39.615995" lon="19.886244" /><trkpt lat="39.616037" lon="19.886228" /><trkpt lat="39.616072" lon="19.886234" /><trkpt lat="39.616104" lon="19.886259" /><trkpt lat="39.616319" lon="19.886564" /><trkpt lat="39.616392" lon="19.886739" /><trkpt lat="39.616513" lon="19.887058" /><trkpt lat="39.616580" lon="19.887174" /><trkpt lat="39.616627" lon="19.887227" /><trkpt lat="39.616935" lon="19.887024" /><trkpt lat="39.617125" lon="19.886888" /><trkpt lat="39.617351" lon="19.886727" /><trkpt lat="39.617699" lon="19.886361" /><trkpt lat="39.617811" lon="19.886270" /><trkpt lat="39.617935" lon="19.886204" /><trkpt lat="39.618137" lon="19.886156" /><trkpt lat="39.618246" lon="19.886147" /><trkpt lat="39.618355" lon="19.886157" /><trkpt lat="39.618774" lon="19.886243" /><trkpt lat="39.619311" lon="19.886443" /><trkpt lat="39.619612" lon="19.886473" /><trkpt lat="39.620110" lon="19.886473" /><trkpt lat="39.620306" lon="19.886443" /><trkpt lat="39.620468" lon="19.886394" /><trkpt lat="39.620624" lon="19.886335" /><trkpt lat="39.620696" lon="19.886308" /><trkpt lat="39.620839" lon="19.886269" /><trkpt lat="39.621037" lon="19.886260" /><trkpt lat="39.621650" lon="19.886206" /><trkpt lat="39.621714" lon="19.886211" /><trkpt lat="39.622578" lon="19.886270" /><trkpt lat="39.623283" lon="19.886368" /><trkpt lat="39.623437" lon="19.886357" /><trkpt lat="39.623524" lon="19.886304" /><trkpt lat="39.623769" lon="19.886242" /><trkpt lat="39.624427" lon="19.886145" /><trkpt lat="39.624891" lon="19.886112" /><trkpt lat="39.625537" lon="19.886088" /><trkpt lat="39.625945" lon="19.886063" /><trkpt lat="39.626301" lon="19.886072" /><trkpt lat="39.626675" lon="19.886051" /><trkpt lat="39.627247" lon="19.886082" /><trkpt lat="39.628170" lon="19.886107" /><trkpt lat="39.628470" lon="19.886125" /><trkpt lat="39.628694" lon="19.886120" /><trkpt lat="39.629297" lon="19.886099" /><trkpt lat="39.629297" lon="19.886074" /><trkpt lat="39.629299" lon="19.885986" /><trkpt lat="39.629305" lon="19.885666" /><trkpt lat="39.629308" lon="19.885547" /><trkpt lat="39.629320" lon="19.885480" /><trkpt lat="39.629330" lon="19.885455" /><trkpt lat="39.629359" lon="19.885416" /><trkpt lat="39.629467" lon="19.885343" /><trkpt lat="39.629445" lon="19.885228" /><trkpt lat="39.629440" lon="19.885110" /><trkpt lat="39.629445" lon="19.885033" /><trkpt lat="39.629472" lon="19.884830" /><trkpt lat="39.629473" lon="19.884759" /><trkpt lat="39.629463" lon="19.884664" /><trkpt lat="39.629434" lon="19.884547" /><trkpt lat="39.629302" lon="19.884187" /><trkpt lat="39.629147" lon="19.883742" /><trkpt lat="39.629134" lon="19.883690" /><trkpt lat="39.629116" lon="19.883616" /><trkpt lat="39.629089" lon="19.883446" /><trkpt lat="39.629078" lon="19.883299" /><trkpt lat="39.629082" lon="19.883258" /><trkpt lat="39.629095" lon="19.883209" /><trkpt lat="39.629162" lon="19.883030" /><trkpt lat="39.629394" lon="19.882535" /><trkpt lat="39.629413" lon="19.882445" /><trkpt lat="39.629419" lon="19.882373" /><trkpt lat="39.629407" lon="19.882015" /><trkpt lat="39.629445" lon="19.881679" /><trkpt lat="39.629443" lon="19.881528" /><trkpt lat="39.629427" lon="19.881337" /><trkpt lat="39.629413" lon="19.881243" /><trkpt lat="39.629395" lon="19.881176" /><trkpt lat="39.629199" lon="19.880657" /><trkpt lat="39.629183" lon="19.880600" /><trkpt lat="39.629131" lon="19.880479" /><trkpt lat="39.629099" lon="19.880416" /><trkpt lat="39.629066" lon="19.880369" /><trkpt lat="39.629036" lon="19.880347" /><trkpt lat="39.628972" lon="19.880333" /><trkpt lat="39.628950" lon="19.880331" /><trkpt lat="39.628902" lon="19.880346" /><trkpt lat="39.628745" lon="19.880430" /><trkpt lat="39.628703" lon="19.880433" /><trkpt lat="39.628681" lon="19.880425" /><trkpt lat="39.628665" lon="19.880403" /><trkpt lat="39.628654" lon="19.880367" /><trkpt lat="39.628651" lon="19.880331" /><trkpt lat="39.628683" lon="19.880053" /><trkpt lat="39.628694" lon="19.880010" /><trkpt lat="39.628723" lon="19.879903" /><trkpt lat="39.628795" lon="19.879685" /><trkpt lat="39.628831" lon="19.879600" /><trkpt lat="39.628954" lon="19.879389" /><trkpt lat="39.629048" lon="19.879192" /><trkpt lat="39.629178" lon="19.878970" /><trkpt lat="39.629437" lon="19.879037" /><trkpt lat="39.629595" lon="19.879068" /><trkpt lat="39.629693" lon="19.879041" /><trkpt lat="39.629869" lon="19.878919" /><trkpt lat="39.629930" lon="19.878904" /><trkpt lat="39.630006" lon="19.878916" /><trkpt lat="39.630188" lon="19.878998" /><trkpt lat="39.630248" lon="19.879005" /><trkpt lat="39.630314" lon="19.878996" /><trkpt lat="39.630416" lon="19.878962" /><trkpt lat="39.630878" lon="19.878840" /><trkpt lat="39.630956" lon="19.878840" /><trkpt lat="39.631032" lon="19.878856" /><trkpt lat="39.631094" lon="19.878880" /><trkpt lat="39.631319" lon="19.879018" /><trkpt lat="39.631459" lon="19.879126" /><trkpt lat="39.631575" lon="19.879234" /><trkpt lat="39.631788" lon="19.879469" /><trkpt lat="39.631838" lon="19.879508" /><trkpt lat="39.631963" lon="19.879583" /><trkpt lat="39.632107" lon="19.879643" /><trkpt lat="39.632192" lon="19.879703" /><trkpt lat="39.632249" lon="19.879757" /><trkpt lat="39.632334" lon="19.879863" /><trkpt lat="39.632523" lon="19.880144" /><trkpt lat="39.632588" lon="19.880226" /><trkpt lat="39.632733" lon="19.880387" /><trkpt lat="39.632873" lon="19.880524" /><trkpt lat="39.633053" lon="19.880682" /><trkpt lat="39.633151" lon="19.880755" /><trkpt lat="39.633455" lon="19.880014" /><trkpt lat="39.633738" lon="19.879323" /><trkpt lat="39.633810" lon="19.879291" /><trkpt lat="39.633974" lon="19.879224" /><trkpt lat="39.634000" lon="19.879192" /><trkpt lat="39.634146" lon="19.878849" /><trkpt lat="39.634116" lon="19.878552" /><trkpt lat="39.634776" lon="19.876965" /><trkpt lat="39.634818" lon="19.876744" /><trkpt lat="39.635817" lon="19.874641" /><trkpt lat="39.636052" lon="19.874310" /><trkpt lat="39.636298" lon="19.873948" /><trkpt lat="39.636447" lon="19.873727" /><trkpt lat="39.636581" lon="19.873494" /><trkpt lat="39.636671" lon="19.873321" /><trkpt lat="39.636907" lon="19.872802" /><trkpt lat="39.637055" lon="19.872450" /><trkpt lat="39.637074" lon="19.872391" /><trkpt lat="39.637096" lon="19.872288" /><trkpt lat="39.637102" lon="19.872171" /><trkpt lat="39.637095" lon="19.872118" /><trkpt lat="39.637072" lon="19.872040" /><trkpt lat="39.637041" lon="19.871974" /><trkpt lat="39.636987" lon="19.871891" /><trkpt lat="39.636939" lon="19.871826" /><trkpt lat="39.637142" lon="19.871242" /><trkpt lat="39.637991" lon="19.868800" /><trkpt lat="39.638112" lon="19.868499" /><trkpt lat="39.638266" lon="19.868174" /><trkpt lat="39.638410" lon="19.867894" /><trkpt lat="39.638560" lon="19.867631" /><trkpt lat="39.638832" lon="19.867149" /><trkpt lat="39.639325" lon="19.866274" /><trkpt lat="39.639555" lon="19.865843" /><trkpt lat="39.640307" lon="19.864392" /><trkpt lat="39.640439" lon="19.864174" /><trkpt lat="39.640618" lon="19.863936" /><trkpt lat="39.640987" lon="19.863519" /><trkpt lat="39.641907" lon="19.862576" /><trkpt lat="39.642160" lon="19.862341" /><trkpt lat="39.642298" lon="19.862234" /><trkpt lat="39.642545" lon="19.862076" /><trkpt lat="39.642856" lon="19.861924" /><trkpt lat="39.643034" lon="19.861861" /><trkpt lat="39.644065" lon="19.861527" /><trkpt lat="39.644206" lon="19.861451" /><trkpt lat="39.644333" lon="19.861366" /><trkpt lat="39.644438" lon="19.861262" /><trkpt lat="39.644485" lon="19.861203" /><trkpt lat="39.644548" lon="19.861095" /><trkpt lat="39.644615" lon="19.860958" /><trkpt lat="39.644649" lon="19.860878" /><trkpt lat="39.644677" lon="19.860792" /><trkpt lat="39.644783" lon="19.860367" /><trkpt lat="39.644875" lon="19.859920" /><trkpt lat="39.645011" lon="19.859265" /><trkpt lat="39.645060" lon="19.859285" /><trkpt lat="39.645243" lon="19.858999" /><trkpt lat="39.645313" lon="19.858876" /><trkpt lat="39.645357" lon="19.858778" /><trkpt lat="39.645385" lon="19.858672" /><trkpt lat="39.645404" lon="19.858482" /><trkpt lat="39.645405" lon="19.858318" /><trkpt lat="39.645342" lon="19.857211" /><trkpt lat="39.645296" lon="19.856301" /><trkpt lat="39.645284" lon="19.856192" /><trkpt lat="39.645258" lon="19.856033" /><trkpt lat="39.645194" lon="19.855792" /><trkpt lat="39.645116" lon="19.855532" /><trkpt lat="39.645097" lon="19.855469" /><trkpt lat="39.644887" lon="19.854882" /><trkpt lat="39.644784" lon="19.854548" /><trkpt lat="39.644764" lon="19.854501" /><trkpt lat="39.644728" lon="19.854453" /><trkpt lat="39.644737" lon="19.854227" /><trkpt lat="39.644758" lon="19.854055" /><trkpt lat="39.644786" lon="19.853849" /><trkpt lat="39.644973" lon="19.852770" /><trkpt lat="39.644983" lon="19.852651" /><trkpt lat="39.644962" lon="19.852290" /><trkpt lat="39.644973" lon="19.852200" /><trkpt lat="39.645254" lon="19.851356" /><trkpt lat="39.645288" lon="19.851313" /><trkpt lat="39.645334" lon="19.851281" /><trkpt lat="39.645459" lon="19.851214" /><trkpt lat="39.645514" lon="19.851160" /><trkpt lat="39.645847" lon="19.850792" /><trkpt lat="39.645908" lon="19.850694" /><trkpt lat="39.645931" lon="19.850625" /><trkpt lat="39.646033" lon="19.849979" /><trkpt lat="39.646094" lon="19.849744" /><trkpt lat="39.646163" lon="19.849556" /><trkpt lat="39.646665" lon="19.848567" /><trkpt lat="39.647151" lon="19.847699" /><trkpt lat="39.647229" lon="19.847640" /><trkpt lat="39.647271" lon="19.847619" /><trkpt lat="39.647305" lon="19.847602" /><trkpt lat="39.647973" lon="19.847417" /><trkpt lat="39.648973" lon="19.847112" /><trkpt lat="39.649173" lon="19.847019" /><trkpt lat="39.649341" lon="19.846895" /><trkpt lat="39.650001" lon="19.846221" /><trkpt lat="39.650110" lon="19.846109" /><trkpt lat="39.650151" lon="19.846067" /><trkpt lat="39.650451" lon="19.845751" /><trkpt lat="39.650671" lon="19.845555" /><trkpt lat="39.650866" lon="19.845455" /><trkpt lat="39.651350" lon="19.845290" /><trkpt lat="39.651427" lon="19.845259" /><trkpt lat="39.651836" lon="19.845097" /><trkpt lat="39.651918" lon="19.845058" /><trkpt lat="39.651968" lon="19.845014" /><trkpt lat="39.652148" lon="19.844826" /><trkpt lat="39.652399" lon="19.844521" /><trkpt lat="39.652512" lon="19.844375" /><trkpt lat="39.652635" lon="19.844217" /><trkpt lat="39.652661" lon="19.844164" /><trkpt lat="39.652692" lon="19.844044" /><trkpt lat="39.652704" lon="19.843963" /><trkpt lat="39.652714" lon="19.843807" /><trkpt lat="39.652714" lon="19.843417" /><trkpt lat="39.652717" lon="19.843044" /><trkpt lat="39.652728" lon="19.842655" /><trkpt lat="39.652741" lon="19.842461" /><trkpt lat="39.652756" lon="19.842333" /><trkpt lat="39.652762" lon="19.842299" /><trkpt lat="39.652803" lon="19.842221" /><trkpt lat="39.652855" lon="19.842168" /><trkpt lat="39.652919" lon="19.842148" /><trkpt lat="39.653070" lon="19.842117" /><trkpt lat="39.653267" lon="19.842102" /><trkpt lat="39.653535" lon="19.842148" /><trkpt lat="39.653796" lon="19.842208" /><trkpt lat="39.653849" lon="19.842220" /><trkpt lat="39.654204" lon="19.842298" /><trkpt lat="39.654317" lon="19.842287" /><trkpt lat="39.654380" lon="19.842267" /><trkpt lat="39.654439" lon="19.842239" /><trkpt lat="39.654492" lon="19.842200" /><trkpt lat="39.654571" lon="19.842116" /><trkpt lat="39.654771" lon="19.841842" /><trkpt lat="39.654845" lon="19.841749" /><trkpt lat="39.654909" lon="19.841682" /><trkpt lat="39.654995" lon="19.841588" /><trkpt lat="39.655083" lon="19.841504" /><trkpt lat="39.655198" lon="19.841409" /><trkpt lat="39.655336" lon="19.841297" /><trkpt lat="39.655490" lon="19.841159" /><trkpt lat="39.655674" lon="19.840998" /><trkpt lat="39.655712" lon="19.840956" /><trkpt lat="39.655828" lon="19.840830" /><trkpt lat="39.656686" lon="19.839754" /><trkpt lat="39.656848" lon="19.839676" /><trkpt lat="39.657410" lon="19.839403" /><trkpt lat="39.657845" lon="19.839192" /><trkpt lat="39.657999" lon="19.839117" /><trkpt lat="39.658040" lon="19.839098" /><trkpt lat="39.658723" lon="19.838772" /><trkpt lat="39.658916" lon="19.838742" /><trkpt lat="39.659030" lon="19.838640" /><trkpt lat="39.659196" lon="19.838644" /><trkpt lat="39.659884" lon="19.838653" /><trkpt lat="39.659945" lon="19.838711" /><trkpt lat="39.659969" lon="19.838734" /><trkpt lat="39.660060" lon="19.838830" /><trkpt lat="39.660108" lon="19.839313" /><trkpt lat="39.660149" lon="19.839502" /><trkpt lat="39.660192" lon="19.840006" /><trkpt lat="39.660203" lon="19.840292" /><trkpt lat="39.660203" lon="19.840435" /><trkpt lat="39.660195" lon="19.840640" /><trkpt lat="39.660166" lon="19.840932" /><trkpt lat="39.660130" lon="19.841270" /><trkpt lat="39.660084" lon="19.841622" /><trkpt lat="39.660078" lon="19.841712" /><trkpt lat="39.660084" lon="19.841833" /><trkpt lat="39.660110" lon="19.841973" /><trkpt lat="39.660125" lon="19.842023" /><trkpt lat="39.660147" lon="19.842084" /><trkpt lat="39.660197" lon="19.842185" /><trkpt lat="39.660259" lon="19.842276" /><trkpt lat="39.660397" lon="19.842452" /><trkpt lat="39.660636" lon="19.842698" /><trkpt lat="39.660753" lon="19.842793" /><trkpt lat="39.660811" lon="19.842814" /><trkpt lat="39.660867" lon="19.842821" /><trkpt lat="39.660960" lon="19.842809" /><trkpt lat="39.661118" lon="19.842738" /><trkpt lat="39.661348" lon="19.842574" /><trkpt lat="39.661422" lon="19.842521" /><trkpt lat="39.661594" lon="19.842417" /><trkpt lat="39.661671" lon="19.842384" /><trkpt lat="39.661755" lon="19.842368" /><trkpt lat="39.661859" lon="19.842362" /><trkpt lat="39.661958" lon="19.842365" /><trkpt lat="39.662040" lon="19.842386" /><trkpt lat="39.662097" lon="19.842415" /><trkpt lat="39.662168" lon="19.842473" /><trkpt lat="39.662214" lon="19.842527" /><trkpt lat="39.662322" lon="19.842717" /><trkpt lat="39.662385" lon="19.842900" /><trkpt lat="39.662450" lon="19.843061" /><trkpt lat="39.662499" lon="19.843157" /><trkpt lat="39.662522" lon="19.843185" /><trkpt lat="39.662589" lon="19.843268" /><trkpt lat="39.662777" lon="19.843444" /><trkpt lat="39.663236" lon="19.843728" /><trkpt lat="39.663690" lon="19.844046" /><trkpt lat="39.663881" lon="19.844131" /><trkpt lat="39.663966" lon="19.844153" /><trkpt lat="39.664111" lon="19.844169" /><trkpt lat="39.664321" lon="19.844153" /><trkpt lat="39.664426" lon="19.844133" /><trkpt lat="39.664569" lon="19.844101" /><trkpt lat="39.664712" lon="19.844158" /><trkpt lat="39.664805" lon="19.844195" /><trkpt lat="39.665030" lon="19.844074" /><trkpt lat="39.665086" lon="19.843958" /><trkpt lat="39.665172" lon="19.843780" /><trkpt lat="39.665398" lon="19.843639" /><trkpt lat="39.665477" lon="19.843594" /><trkpt lat="39.665597" lon="19.843531" /><trkpt lat="39.665759" lon="19.843467" /><trkpt lat="39.666059" lon="19.843371" /><trkpt lat="39.666181" lon="19.843350" /><trkpt lat="39.666299" lon="19.843344" /><trkpt lat="39.666414" lon="19.843351" /><trkpt lat="39.666534" lon="19.843366" /><trkpt lat="39.666847" lon="19.843424" /><trkpt lat="39.667021" lon="19.843457" /><trkpt lat="39.667174" lon="19.843474" /><trkpt lat="39.667290" lon="19.843480" /><trkpt lat="39.667383" lon="19.843468" /><trkpt lat="39.667440" lon="19.843462" /><trkpt lat="39.667512" lon="19.843437" /><trkpt lat="39.667560" lon="19.843408" /><trkpt lat="39.667613" lon="19.843363" /><trkpt lat="39.667669" lon="19.843295" /><trkpt lat="39.667702" lon="19.843236" /><trkpt lat="39.668025" lon="19.842749" /><trkpt lat="39.668130" lon="19.842602" /><trkpt lat="39.668225" lon="19.842503" /><trkpt lat="39.668294" lon="19.842450" /><trkpt lat="39.668743" lon="19.842249" /><trkpt lat="39.668870" lon="19.842179" /><trkpt lat="39.668961" lon="19.842117" /><trkpt lat="39.669043" lon="19.842045" /><trkpt lat="39.669131" lon="19.841952" /><trkpt lat="39.669210" lon="19.841858" /><trkpt lat="39.669603" lon="19.841335" /><trkpt lat="39.669672" lon="19.841266" /><trkpt lat="39.669771" lon="19.841195" /><trkpt lat="39.669897" lon="19.841124" /><trkpt lat="39.670046" lon="19.841057" /><trkpt lat="39.670106" lon="19.841012" /><trkpt lat="39.670172" lon="19.840951" /><trkpt lat="39.670262" lon="19.840841" /><trkpt lat="39.670372" lon="19.840680" /><trkpt lat="39.670440" lon="19.840591" /><trkpt lat="39.670699" lon="19.840247" /><trkpt lat="39.670942" lon="19.839962" /><trkpt lat="39.671077" lon="19.839853" /><trkpt lat="39.671355" lon="19.839703" /><trkpt lat="39.671525" lon="19.839643" /><trkpt lat="39.671634" lon="19.839616" /><trkpt lat="39.671727" lon="19.839602" /><trkpt lat="39.671815" lon="19.839598" /><trkpt lat="39.672425" lon="19.839640" /><trkpt lat="39.672682" lon="19.839624" /><trkpt lat="39.672787" lon="19.839610" /><trkpt lat="39.672889" lon="19.839581" /><trkpt lat="39.673284" lon="19.839384" /><trkpt lat="39.673535" lon="19.839306" /><trkpt lat="39.673663" lon="19.839292" /><trkpt lat="39.673892" lon="19.839295" /><trkpt lat="39.674384" lon="19.839321" /><trkpt lat="39.674709" lon="19.839348" /><trkpt lat="39.675033" lon="19.839380" /><trkpt lat="39.675449" lon="19.839437" /><trkpt lat="39.675568" lon="19.839457" /><trkpt lat="39.676229" lon="19.839574" /><trkpt lat="39.676437" lon="19.839603" /><trkpt lat="39.676533" lon="19.839605" /><trkpt lat="39.676689" lon="19.839594" /><trkpt lat="39.676861" lon="19.839561" /><trkpt lat="39.677064" lon="19.839469" /><trkpt lat="39.677303" lon="19.839295" /><trkpt lat="39.677426" lon="19.839195" /><trkpt lat="39.677522" lon="19.839116" /><trkpt lat="39.677691" lon="19.838995" /><trkpt lat="39.677743" lon="19.838962" /><trkpt lat="39.677925" lon="19.838874" /><trkpt lat="39.678015" lon="19.838840" /><trkpt lat="39.678443" lon="19.838752" /><trkpt lat="39.678628" lon="19.838706" /><trkpt lat="39.679063" lon="19.838597" /><trkpt lat="39.679865" lon="19.838360" /><trkpt lat="39.679957" lon="19.838329" /><trkpt lat="39.680222" lon="19.838234" /><trkpt lat="39.680377" lon="19.838160" /><trkpt lat="39.680473" lon="19.838105" /><trkpt lat="39.680643" lon="19.837996" /><trkpt lat="39.680828" lon="19.837861" /><trkpt lat="39.680885" lon="19.837811" /><trkpt lat="39.681041" lon="19.837676" /><trkpt lat="39.681185" lon="19.837586" /><trkpt lat="39.681277" lon="19.837546" /><trkpt lat="39.681410" lon="19.837515" /><trkpt lat="39.681617" lon="19.837500" /><trkpt lat="39.681864" lon="19.837514" /><trkpt lat="39.681989" lon="19.837529" /><trkpt lat="39.682201" lon="19.837563" /><trkpt lat="39.682365" lon="19.837618" /><trkpt lat="39.682560" lon="19.837747" /><trkpt lat="39.682740" lon="19.837886" /><trkpt lat="39.682892" lon="19.838035" /><trkpt lat="39.682942" lon="19.838083" /><trkpt lat="39.683066" lon="19.838173" /><trkpt lat="39.683135" lon="19.838205" /><trkpt lat="39.683215" lon="19.838223" /><trkpt lat="39.683303" lon="19.838218" /><trkpt lat="39.683387" lon="19.838201" /><trkpt lat="39.683551" lon="19.838152" /><trkpt lat="39.683712" lon="19.838076" /><trkpt lat="39.683850" lon="19.837977" /><trkpt lat="39.684096" lon="19.837748" /><trkpt lat="39.684226" lon="19.837640" /><trkpt lat="39.684354" lon="19.837563" /><trkpt lat="39.684562" lon="19.837499" /><trkpt lat="39.684651" lon="19.837490" /><trkpt lat="39.684730" lon="19.837492" /><trkpt lat="39.684849" lon="19.837520" /><trkpt lat="39.684897" lon="19.837543" /><trkpt lat="39.684975" lon="19.837604" /><trkpt lat="39.685306" lon="19.837945" /><trkpt lat="39.685454" lon="19.838074" /><trkpt lat="39.685522" lon="19.838114" /><trkpt lat="39.685593" lon="19.838144" /><trkpt lat="39.685762" lon="19.838195" /><trkpt lat="39.686052" lon="19.838254" /><trkpt lat="39.686415" lon="19.838289" /><trkpt lat="39.686636" lon="19.838294" /><trkpt lat="39.686908" lon="19.838311" /><trkpt lat="39.687176" lon="19.838333" /><trkpt lat="39.687368" lon="19.838364" /><trkpt lat="39.687590" lon="19.838411" /><trkpt lat="39.687970" lon="19.838463" /><trkpt lat="39.688171" lon="19.838452" /><trkpt lat="39.688487" lon="19.838412" /><trkpt lat="39.688685" lon="19.838353" /><trkpt lat="39.688904" lon="19.838237" /><trkpt lat="39.689315" lon="19.837951" /><trkpt lat="39.689763" lon="19.837638" /><trkpt lat="39.689821" lon="19.837616" /><trkpt lat="39.689928" lon="19.837599" /><trkpt lat="39.690023" lon="19.837610" /><trkpt lat="39.690162" lon="19.837672" /><trkpt lat="39.690545" lon="19.837847" /><trkpt lat="39.690701" lon="19.837907" /><trkpt lat="39.690849" lon="19.837946" /><trkpt lat="39.691165" lon="19.838011" /><trkpt lat="39.691318" lon="19.838034" /><trkpt lat="39.691472" lon="19.838041" /><trkpt lat="39.691794" lon="19.838007" /><trkpt lat="39.692151" lon="19.837953" /><trkpt lat="39.692417" lon="19.837908" /><trkpt lat="39.692616" lon="19.837875" /><trkpt lat="39.693432" lon="19.837749" /><trkpt lat="39.693936" lon="19.837663" /><trkpt lat="39.694053" lon="19.837623" /><trkpt lat="39.694100" lon="19.837590" /><trkpt lat="39.694180" lon="19.837508" /><trkpt lat="39.694332" lon="19.837296" /><trkpt lat="39.694434" lon="19.837190" /><trkpt lat="39.694477" lon="19.837166" /><trkpt lat="39.694519" lon="19.837153" /><trkpt lat="39.694561" lon="19.837159" /><trkpt lat="39.694598" lon="19.837176" /><trkpt lat="39.694627" lon="19.837203" /><trkpt lat="39.694656" lon="19.837251" /><trkpt lat="39.694683" lon="19.837324" /><trkpt lat="39.694741" lon="19.837558" /><trkpt lat="39.694765" lon="19.837632" /><trkpt lat="39.694797" lon="19.837697" /><trkpt lat="39.694867" lon="19.837787" /><trkpt lat="39.694907" lon="19.837816" /><trkpt lat="39.694968" lon="19.837845" /><trkpt lat="39.695030" lon="19.837861" /><trkpt lat="39.695880" lon="19.838014" /><trkpt lat="39.697045" lon="19.838226" /><trkpt lat="39.697462" lon="19.838313" /><trkpt lat="39.698025" lon="19.838467" /><trkpt lat="39.698176" lon="19.838529" /><trkpt lat="39.698327" lon="19.838589" /><trkpt lat="39.698603" lon="19.838713" /><trkpt lat="39.698922" lon="19.838897" /><trkpt lat="39.699630" lon="19.839323" /><trkpt lat="39.699848" lon="19.839443" /><trkpt lat="39.699903" lon="19.839475" /><trkpt lat="39.701154" lon="19.840244" /><trkpt lat="39.701515" lon="19.840463" /><trkpt lat="39.702094" lon="19.840795" /><trkpt lat="39.702124" lon="19.840812" /><trkpt lat="39.702654" lon="19.841140" /><trkpt lat="39.702992" lon="19.841351" /><trkpt lat="39.703246" lon="19.841501" /><trkpt lat="39.703545" lon="19.841703" /><trkpt lat="39.703848" lon="19.841937" /><trkpt lat="39.703935" lon="19.842000" /><trkpt lat="39.704365" lon="19.842313" /><trkpt lat="39.705011" lon="19.842802" /><trkpt lat="39.705242" lon="19.842990" /><trkpt lat="39.705364" lon="19.843089" /><trkpt lat="39.705807" lon="19.843412" /><trkpt lat="39.705920" lon="19.843471" /><trkpt lat="39.705993" lon="19.843498" /><trkpt lat="39.706077" lon="19.843512" /><trkpt lat="39.706164" lon="19.843515" /><trkpt lat="39.706260" lon="19.843508" /><trkpt lat="39.706397" lon="19.843537" /><trkpt lat="39.706499" lon="19.843592" /><trkpt lat="39.706805" lon="19.843847" /><trkpt lat="39.707153" lon="19.844174" /><trkpt lat="39.707183" lon="19.844192" /><trkpt lat="39.707256" lon="19.844214" /><trkpt lat="39.707330" lon="19.844214" /><trkpt lat="39.707370" lon="19.844202" /><trkpt lat="39.707403" lon="19.844182" /><trkpt lat="39.707479" lon="19.844108" /><trkpt lat="39.707524" lon="19.844046" /><trkpt lat="39.707798" lon="19.843610" /><trkpt lat="39.708130" lon="19.842943" /><trkpt lat="39.708269" lon="19.842709" /><trkpt lat="39.708316" lon="19.842647" /><trkpt lat="39.708362" lon="19.842612" /><trkpt lat="39.708403" lon="19.842594" /><trkpt lat="39.708441" lon="19.842593" /><trkpt lat="39.708476" lon="19.842607" /><trkpt lat="39.708516" lon="19.842648" /><trkpt lat="39.708524" lon="19.842719" /><trkpt lat="39.708518" lon="19.842794" /><trkpt lat="39.708500" lon="19.842851" /><trkpt lat="39.708420" lon="19.843007" /><trkpt lat="39.708385" lon="19.843092" /><trkpt lat="39.708282" lon="19.843441" /><trkpt lat="39.708247" lon="19.843604" /><trkpt lat="39.708171" lon="19.843690" /><trkpt lat="39.708117" lon="19.843776" /><trkpt lat="39.708068" lon="19.843904" /><trkpt lat="39.708047" lon="19.844059" /><trkpt lat="39.708042" lon="19.844421" /><trkpt lat="39.708055" lon="19.844485" /><trkpt lat="39.708069" lon="19.844515" /><trkpt lat="39.708127" lon="19.844566" /><trkpt lat="39.708123" lon="19.844605" /><trkpt lat="39.708114" lon="19.844719" /><trkpt lat="39.708078" lon="19.845223" /><trkpt lat="39.708084" lon="19.845342" /><trkpt lat="39.708122" lon="19.845561" /><trkpt lat="39.708196" lon="19.845751" /><trkpt lat="39.708233" lon="19.845885" /><trkpt lat="39.708251" lon="19.846000" /><trkpt lat="39.708253" lon="19.846118" /><trkpt lat="39.708191" lon="19.846604" /><trkpt lat="39.708169" lon="19.847156" /><trkpt lat="39.708178" lon="19.848304" /><trkpt lat="39.708192" lon="19.848445" /><trkpt lat="39.708218" lon="19.848618" /><trkpt lat="39.708284" lon="19.848812" /><trkpt lat="39.708515" lon="19.849297" /><trkpt lat="39.708848" lon="19.849970" /><trkpt lat="39.709290" lon="19.850724" /><trkpt lat="39.709546" lon="19.851117" /><trkpt lat="39.709669" lon="19.851268" /><trkpt lat="39.709723" lon="19.851356" /><trkpt lat="39.709760" lon="19.851444" /><trkpt lat="39.709769" lon="19.851503" /><trkpt lat="39.709766" lon="19.851548" /><trkpt lat="39.709748" lon="19.851588" /><trkpt lat="39.709721" lon="19.851615" /><trkpt lat="39.709642" lon="19.851638" /><trkpt lat="39.709567" lon="19.851670" /><trkpt lat="39.709342" lon="19.851835" /><trkpt lat="39.709265" lon="19.851907" /><trkpt lat="39.709135" lon="19.852072" /><trkpt lat="39.709081" lon="19.852205" /><trkpt lat="39.709072" lon="19.852310" /><trkpt lat="39.709085" lon="19.852491" /><trkpt lat="39.709149" lon="19.852780" /><trkpt lat="39.709205" lon="19.852942" /><trkpt lat="39.709276" lon="19.853111" /><trkpt lat="39.709322" lon="19.853210" /><trkpt lat="39.709410" lon="19.853342" /><trkpt lat="39.709609" lon="19.853561" /><trkpt lat="39.709640" lon="19.853592" /><trkpt lat="39.709686" lon="19.853655" /><trkpt lat="39.709790" lon="19.853828" /><trkpt lat="39.709842" lon="19.853931" /><trkpt lat="39.709878" lon="19.854008" /><trkpt lat="39.709903" lon="19.854086" /><trkpt lat="39.709919" lon="19.854179" /><trkpt lat="39.709923" lon="19.854259" /><trkpt lat="39.709906" lon="19.854357" /><trkpt lat="39.709868" lon="19.854475" /><trkpt lat="39.709732" lon="19.854817" /><trkpt lat="39.709680" lon="19.854991" /><trkpt lat="39.709643" lon="19.855096" /><trkpt lat="39.709598" lon="19.855281" /><trkpt lat="39.709575" lon="19.855481" /><trkpt lat="39.709573" lon="19.855547" /><trkpt lat="39.709571" lon="19.855661" /><trkpt lat="39.709577" lon="19.855759" /><trkpt lat="39.709600" lon="19.855935" /><trkpt lat="39.709624" lon="19.856047" /><trkpt lat="39.709762" lon="19.856404" /><trkpt lat="39.709811" lon="19.856532" /><trkpt lat="39.709947" lon="19.856851" /><trkpt lat="39.710061" lon="19.857096" /><trkpt lat="39.710289" lon="19.857531" /><trkpt lat="39.710336" lon="19.857602" /><trkpt lat="39.710516" lon="19.857857" /><trkpt lat="39.710571" lon="19.857924" /><trkpt lat="39.710659" lon="19.858043" /><trkpt lat="39.710881" lon="19.858312" /><trkpt lat="39.710984" lon="19.858428" /><trkpt lat="39.711116" lon="19.858556" /><trkpt lat="39.711253" lon="19.858666" /><trkpt lat="39.711534" lon="19.858819" /><trkpt lat="39.711600" lon="19.858864" /><trkpt lat="39.711719" lon="19.858975" /><trkpt lat="39.711799" lon="19.859056" /><trkpt lat="39.711902" lon="19.859165" /><trkpt lat="39.712026" lon="19.859313" /><trkpt lat="39.712108" lon="19.859426" /><trkpt lat="39.712174" lon="19.859533" /><trkpt lat="39.712240" lon="19.859673" /><trkpt lat="39.712268" lon="19.859755" /><trkpt lat="39.712287" lon="19.859839" /><trkpt lat="39.712303" lon="19.859965" /><trkpt lat="39.712308" lon="19.860065" /><trkpt lat="39.712298" lon="19.860183" /><trkpt lat="39.712222" lon="19.860708" /><trkpt lat="39.712133" lon="19.861148" /><trkpt lat="39.711906" lon="19.861673" /><trkpt lat="39.711839" lon="19.861803" /><trkpt lat="39.711766" lon="19.861874" /><trkpt lat="39.711665" lon="19.861883" /><trkpt lat="39.711662" lon="19.861927" /><trkpt lat="39.711668" lon="19.861977" /><trkpt lat="39.711741" lon="19.862188" /><trkpt lat="39.711791" lon="19.862258" /><trkpt lat="39.711800" lon="19.862303" /><trkpt lat="39.711818" lon="19.862344" /><trkpt lat="39.711842" lon="19.862375" /><trkpt lat="39.711867" lon="19.862394" /><trkpt lat="39.711894" lon="19.862403" /><trkpt lat="39.711924" lon="19.862402" /><trkpt lat="39.711970" lon="19.862376" /><trkpt lat="39.711990" lon="19.862342" /><trkpt lat="39.712009" lon="19.862292" /><trkpt lat="39.712135" lon="19.861889" /><trkpt lat="39.712228" lon="19.861657" /><trkpt lat="39.712561" lon="19.860995" /><trkpt lat="39.712612" lon="19.860908" /><trkpt lat="39.712655" lon="19.860851" /><trkpt lat="39.712706" lon="19.860800" /><trkpt lat="39.712752" lon="19.860767" /><trkpt lat="39.712805" lon="19.860745" /><trkpt lat="39.712862" lon="19.860732" /><trkpt lat="39.712913" lon="19.860739" /><trkpt lat="39.712969" lon="19.860760" /><trkpt lat="39.713034" lon="19.860810" /><trkpt lat="39.713084" lon="19.860876" /><trkpt lat="39.713235" lon="19.861139" /><trkpt lat="39.713266" lon="19.861203" /><trkpt lat="39.713277" lon="19.861253" /><trkpt lat="39.713271" lon="19.861309" /><trkpt lat="39.713246" lon="19.861360" /><trkpt lat="39.713191" lon="19.861408" /><trkpt lat="39.712962" lon="19.861491" /><trkpt lat="39.712915" lon="19.861538" /><trkpt lat="39.712902" lon="19.861580" /><trkpt lat="39.712900" lon="19.861653" /><trkpt lat="39.712912" lon="19.861704" /><trkpt lat="39.712939" lon="19.861768" /><trkpt lat="39.713004" lon="19.861853" /><trkpt lat="39.713068" lon="19.861919" /><trkpt lat="39.713124" lon="19.861959" /><trkpt lat="39.713175" lon="19.861977" /><trkpt lat="39.713264" lon="19.861991" /><trkpt lat="39.713338" lon="19.861984" /><trkpt lat="39.713384" lon="19.861968" /><trkpt lat="39.713587" lon="19.861869" /><trkpt lat="39.713705" lon="19.861835" /><trkpt lat="39.713752" lon="19.861835" /><trkpt lat="39.713787" lon="19.861845" /><trkpt lat="39.713826" lon="19.861866" /><trkpt lat="39.713859" lon="19.861896" /><trkpt lat="39.713895" lon="19.861942" /><trkpt lat="39.714059" lon="19.862217" /><trkpt lat="39.714253" lon="19.862414" /><trkpt lat="39.714451" lon="19.862560" /><trkpt lat="39.714489" lon="19.862608" /><trkpt lat="39.714528" lon="19.862722" /><trkpt lat="39.714634" lon="19.863153" /><trkpt lat="39.714653" lon="19.863249" /><trkpt lat="39.714674" lon="19.863458" /><trkpt lat="39.714693" lon="19.863564" /><trkpt lat="39.714720" lon="19.863660" /><trkpt lat="39.714785" lon="19.863795" /><trkpt lat="39.714823" lon="19.863856" /><trkpt lat="39.714871" lon="19.863915" /><trkpt lat="39.714975" lon="19.864008" /><trkpt lat="39.715168" lon="19.864121" /><trkpt lat="39.715245" lon="19.864152" /><trkpt lat="39.715437" lon="19.864195" /><trkpt lat="39.715722" lon="19.864229" /><trkpt lat="39.715876" lon="19.864251" /><trkpt lat="39.715981" lon="19.864279" /><trkpt lat="39.716084" lon="19.864327" /><trkpt lat="39.716143" lon="19.864360" /><trkpt lat="39.716275" lon="19.864456" /><trkpt lat="39.716350" lon="19.864522" /><trkpt lat="39.716406" lon="19.864582" /><trkpt lat="39.716480" lon="19.864699" /><trkpt lat="39.716532" lon="19.864799" /><trkpt lat="39.716867" lon="19.865530" /><trkpt lat="39.717000" lon="19.865782" /><trkpt lat="39.717061" lon="19.865872" /><trkpt lat="39.717167" lon="19.866007" /><trkpt lat="39.717273" lon="19.866116" /><trkpt lat="39.717371" lon="19.866183" /><trkpt lat="39.717455" lon="19.866229" /><trkpt lat="39.717785" lon="19.866389" /><trkpt lat="39.717826" lon="19.866416" /><trkpt lat="39.717900" lon="19.866471" /><trkpt lat="39.718288" lon="19.866839" /><trkpt lat="39.718430" lon="19.866974" /><trkpt lat="39.718500" lon="19.867068" /><trkpt lat="39.718664" lon="19.867402" /><trkpt lat="39.718812" lon="19.867646" /><trkpt lat="39.718943" lon="19.867904" /><trkpt lat="39.718986" lon="19.868000" /><trkpt lat="39.719038" lon="19.868143" /><trkpt lat="39.719068" lon="19.868300" /><trkpt lat="39.719174" lon="19.869052" /><trkpt lat="39.719143" lon="19.869301" /><trkpt lat="39.719122" lon="19.869410" /><trkpt lat="39.719074" lon="19.869540" /><trkpt lat="39.719070" lon="19.869610" /><trkpt lat="39.719074" lon="19.869714" /><trkpt lat="39.719088" lon="19.869785" /><trkpt lat="39.719234" lon="19.870127" /><trkpt lat="39.719301" lon="19.870306" /><trkpt lat="39.719344" lon="19.870299" /><trkpt lat="39.719398" lon="19.870318" /><trkpt lat="39.719457" lon="19.870411" /><trkpt lat="39.719495" lon="19.870506" /><trkpt lat="39.719514" lon="19.870704" /><trkpt lat="39.719532" lon="19.870740" /><trkpt lat="39.719618" lon="19.870782" /><trkpt lat="39.719621" lon="19.871007" /><trkpt lat="39.719634" lon="19.871173" /><trkpt lat="39.719647" lon="19.871274" /><trkpt lat="39.719737" lon="19.871761" /><trkpt lat="39.719756" lon="19.871906" /><trkpt lat="39.719778" lon="19.872493" /><trkpt lat="39.719798" lon="19.872775" /><trkpt lat="39.719886" lon="19.873445" /><trkpt lat="39.719919" lon="19.873662" /><trkpt lat="39.719951" lon="19.873800" /><trkpt lat="39.720106" lon="19.874289" /><trkpt lat="39.720133" lon="19.874379" /><trkpt lat="39.720226" lon="19.874813" /><trkpt lat="39.720257" lon="19.874902" /><trkpt lat="39.720342" lon="19.875063" /><trkpt lat="39.720773" lon="19.875732" /><trkpt lat="39.720902" lon="19.875884" /><trkpt lat="39.721043" lon="19.876102" /><trkpt lat="39.721246" lon="19.876559" /><trkpt lat="39.721395" lon="19.876869" /><trkpt lat="39.721495" lon="19.877058" /><trkpt lat="39.721745" lon="19.877521" /><trkpt lat="39.721994" lon="19.877916" /><trkpt lat="39.722070" lon="19.878080" /><trkpt lat="39.722123" lon="19.878205" /><trkpt lat="39.722239" lon="19.878534" /><trkpt lat="39.722479" lon="19.879177" /><trkpt lat="39.722514" lon="19.879251" /><trkpt lat="39.722595" lon="19.879388" /><trkpt lat="39.722713" lon="19.879699" /><trkpt lat="39.722751" lon="19.879866" /><trkpt lat="39.722941" lon="19.880823" /><trkpt lat="39.723057" lon="19.881420" /><trkpt lat="39.723143" lon="19.881829" /><trkpt lat="39.723266" lon="19.882323" /><trkpt lat="39.723403" lon="19.882741" /><trkpt lat="39.723542" lon="19.883072" /><trkpt lat="39.723656" lon="19.883244" /><trkpt lat="39.723853" lon="19.883478" /><trkpt lat="39.724187" lon="19.883783" /><trkpt lat="39.724216" lon="19.883818" /><trkpt lat="39.724348" lon="19.883973" /><trkpt lat="39.724400" lon="19.884113" /><trkpt lat="39.724434" lon="19.884248" /><trkpt lat="39.724442" lon="19.884371" /><trkpt lat="39.724424" lon="19.884526" /><trkpt lat="39.724373" lon="19.884741" /><trkpt lat="39.724274" lon="19.885039" /><trkpt lat="39.724124" lon="19.885536" /><trkpt lat="39.724093" lon="19.885741" /><trkpt lat="39.724083" lon="19.885784" /><trkpt lat="39.723989" lon="19.886471" /><trkpt lat="39.723947" lon="19.886928" /><trkpt lat="39.723938" lon="19.887176" /><trkpt lat="39.723951" lon="19.887433" /><trkpt lat="39.723993" lon="19.887741" /><trkpt lat="39.724038" lon="19.887924" /><trkpt lat="39.724108" lon="19.888121" /><trkpt lat="39.724200" lon="19.888301" /><trkpt lat="39.724500" lon="19.888831" /><trkpt lat="39.724625" lon="19.889067" /><trkpt lat="39.724632" lon="19.889080" /><trkpt lat="39.724668" lon="19.889255" /><trkpt lat="39.724658" lon="19.889481" /><trkpt lat="39.724624" lon="19.889658" /><trkpt lat="39.724563" lon="19.889848" /><trkpt lat="39.724051" lon="19.891125" /><trkpt lat="39.723991" lon="19.891288" /><trkpt lat="39.723963" lon="19.891461" /><trkpt lat="39.723953" lon="19.891653" /><trkpt lat="39.723964" lon="19.891840" /><trkpt lat="39.723991" lon="19.891961" /><trkpt lat="39.724039" lon="19.892072" /><trkpt lat="39.724112" lon="19.892166" /><trkpt lat="39.724211" lon="19.892232" /><trkpt lat="39.724301" lon="19.892280" /><trkpt lat="39.724518" lon="19.892294" /><trkpt lat="39.724710" lon="19.892282" /><trkpt lat="39.724926" lon="19.892288" /><trkpt lat="39.725243" lon="19.892328" /><trkpt lat="39.725380" lon="19.892373" /><trkpt lat="39.725491" lon="19.892471" /><trkpt lat="39.725539" lon="19.892575" /><trkpt lat="39.725561" lon="19.892745" /><trkpt lat="39.725553" lon="19.892851" /><trkpt lat="39.725503" lon="19.892957" /><trkpt lat="39.725337" lon="19.893266" /><trkpt lat="39.725279" lon="19.893502" /><trkpt lat="39.725227" lon="19.893784" /><trkpt lat="39.725212" lon="19.894128" /><trkpt lat="39.725206" lon="19.894856" /><trkpt lat="39.725225" lon="19.895075" /><trkpt lat="39.725249" lon="19.895357" /><trkpt lat="39.725299" lon="19.895503" /><trkpt lat="39.725306" lon="19.895525" /><trkpt lat="39.725420" lon="19.895666" /><trkpt lat="39.725585" lon="19.895888" /><trkpt lat="39.725637" lon="19.896011" /><trkpt lat="39.725671" lon="19.896188" /><trkpt lat="39.725676" lon="19.896247" /><trkpt lat="39.725709" lon="19.896633" /><trkpt lat="39.725730" lon="19.896740" /><trkpt lat="39.725762" lon="19.896845" /><trkpt lat="39.725843" lon="19.896985" /><trkpt lat="39.725913" lon="19.897064" /><trkpt lat="39.725980" lon="19.897110" /><trkpt lat="39.726157" lon="19.897195" /><trkpt lat="39.726496" lon="19.897384" /><trkpt lat="39.726639" lon="19.897486" /><trkpt lat="39.726900" lon="19.897698" /><trkpt lat="39.727008" lon="19.897799" /><trkpt lat="39.727043" lon="19.897857" /><trkpt lat="39.727060" lon="19.897886" /><trkpt lat="39.727083" lon="19.897953" /><trkpt lat="39.727092" lon="19.898018" /><trkpt lat="39.727094" lon="19.898124" /><trkpt lat="39.727088" lon="19.898214" /><trkpt lat="39.726953" lon="19.899216" /><trkpt lat="39.726930" lon="19.899309" /><trkpt lat="39.726918" lon="19.899359" /><trkpt lat="39.726830" lon="19.899589" /><trkpt lat="39.726778" lon="19.899691" /><trkpt lat="39.726657" lon="19.899875" /><trkpt lat="39.726475" lon="19.900071" /><trkpt lat="39.726047" lon="19.900435" /><trkpt lat="39.726001" lon="19.900508" /><trkpt lat="39.725968" lon="19.900589" /><trkpt lat="39.725949" lon="19.900675" /><trkpt lat="39.725953" lon="19.900762" /><trkpt lat="39.725971" lon="19.900836" /><trkpt lat="39.725992" lon="19.900889" /><trkpt lat="39.726025" lon="19.900933" /><trkpt lat="39.726061" lon="19.900957" /><trkpt lat="39.726181" lon="19.901002" /><trkpt lat="39.726406" lon="19.901047" /><trkpt lat="39.726732" lon="19.901142" /><trkpt lat="39.726982" lon="19.901209" /><trkpt lat="39.727068" lon="19.901244" /><trkpt lat="39.727147" lon="19.901293" /><trkpt lat="39.727576" lon="19.901687" /><trkpt lat="39.727616" lon="19.901742" /><trkpt lat="39.727647" lon="19.901810" /><trkpt lat="39.727664" lon="19.901914" /><trkpt lat="39.727660" lon="19.902205" /><trkpt lat="39.727653" lon="19.902280" /><trkpt lat="39.727630" lon="19.902390" /><trkpt lat="39.727523" lon="19.902770" /><trkpt lat="39.727490" lon="19.902999" /><trkpt lat="39.727485" lon="19.903181" /><trkpt lat="39.727495" lon="19.903308" /><trkpt lat="39.727548" lon="19.903591" /><trkpt lat="39.727677" lon="19.904016" /><trkpt lat="39.727764" lon="19.904268" /><trkpt lat="39.727768" lon="19.904321" /><trkpt lat="39.727764" lon="19.904374" /><trkpt lat="39.727746" lon="19.904424" /><trkpt lat="39.727725" lon="19.904457" /><trkpt lat="39.727682" lon="19.904508" /><trkpt lat="39.727616" lon="19.904559" /><trkpt lat="39.727464" lon="19.904631" /><trkpt lat="39.726958" lon="19.904789" /><trkpt lat="39.726898" lon="19.904825" /><trkpt lat="39.726847" lon="19.904885" /><trkpt lat="39.726809" lon="19.904953" /><trkpt lat="39.726788" lon="19.905087" /><trkpt lat="39.726806" lon="19.905175" /><trkpt lat="39.726830" lon="19.905250" /><trkpt lat="39.727081" lon="19.905743" /><trkpt lat="39.727365" lon="19.906177" /><trkpt lat="39.727779" lon="19.906889" /><trkpt lat="39.727903" lon="19.907143" /><trkpt lat="39.728015" lon="19.907399" /><trkpt lat="39.728122" lon="19.907669" /><trkpt lat="39.728139" lon="19.907755" /><trkpt lat="39.728152" lon="19.907869" /><trkpt lat="39.728150" lon="19.907915" /><trkpt lat="39.728145" lon="19.908019" /><trkpt lat="39.728124" lon="19.908184" /><trkpt lat="39.728105" lon="19.908435" /><trkpt lat="39.728113" lon="19.908543" /><trkpt lat="39.728197" lon="19.908979" /><trkpt lat="39.728270" lon="19.909225" /><trkpt lat="39.728293" lon="19.909390" /><trkpt lat="39.728288" lon="19.909556" /><trkpt lat="39.728232" lon="19.909905" /><trkpt lat="39.728159" lon="19.910271" /><trkpt lat="39.728127" lon="19.910490" /><trkpt lat="39.728125" lon="19.910570" /><trkpt lat="39.728131" lon="19.910643" /><trkpt lat="39.728186" lon="19.910848" /><trkpt lat="39.728233" lon="19.910987" /><trkpt lat="39.728254" lon="19.911054" /><trkpt lat="39.728282" lon="19.911114" /><trkpt lat="39.728311" lon="19.911151" /><trkpt lat="39.728343" lon="19.911174" /><trkpt lat="39.728408" lon="19.911188" /><trkpt lat="39.728630" lon="19.911131" /><trkpt lat="39.728815" lon="19.911067" /><trkpt lat="39.728891" lon="19.911045" /><trkpt lat="39.729352" lon="19.910915" /><trkpt lat="39.729684" lon="19.910857" /><trkpt lat="39.729855" lon="19.910843" /><trkpt lat="39.730360" lon="19.910822" /><trkpt lat="39.730495" lon="19.910820" /><trkpt lat="39.730562" lon="19.910828" /><trkpt lat="39.730616" lon="19.910862" /><trkpt lat="39.730654" lon="19.910921" /><trkpt lat="39.730668" lon="19.910991" /><trkpt lat="39.730711" lon="19.911290" /><trkpt lat="39.730730" lon="19.911373" /><trkpt lat="39.730765" lon="19.911459" /><trkpt lat="39.730810" lon="19.911516" /><trkpt lat="39.730968" lon="19.911635" /><trkpt lat="39.731085" lon="19.911696" /><trkpt lat="39.731434" lon="19.911855" /><trkpt lat="39.731551" lon="19.911950" /><trkpt lat="39.731635" lon="19.912040" /><trkpt lat="39.731704" lon="19.912147" /><trkpt lat="39.731732" lon="19.912218" /><trkpt lat="39.731741" lon="19.912271" /><trkpt lat="39.731743" lon="19.912326" /><trkpt lat="39.731734" lon="19.912394" /><trkpt lat="39.731698" lon="19.912485" /><trkpt lat="39.731652" lon="19.912543" /><trkpt lat="39.731594" lon="19.912584" /><trkpt lat="39.731458" lon="19.912645" /><trkpt lat="39.731280" lon="19.912744" /><trkpt lat="39.731191" lon="19.912800" /><trkpt lat="39.731061" lon="19.912906" /><trkpt lat="39.730789" lon="19.913151" /><trkpt lat="39.730606" lon="19.913336" /><trkpt lat="39.730528" lon="19.913432" /><trkpt lat="39.730379" lon="19.913664" /><trkpt lat="39.730319" lon="19.913793" /><trkpt lat="39.730255" lon="19.913988" /><trkpt lat="39.730063" lon="19.914841" /><trkpt lat="39.730014" lon="19.915129" /><trkpt lat="39.730007" lon="19.915288" /><trkpt lat="39.730014" lon="19.915474" /><trkpt lat="39.730032" lon="19.915602" /><trkpt lat="39.730066" lon="19.915740" /><trkpt lat="39.730114" lon="19.915863" /><trkpt lat="39.730261" lon="19.916091" /><trkpt lat="39.730350" lon="19.916190" /><trkpt lat="39.730666" lon="19.916494" /><trkpt lat="39.731525" lon="19.917434" /><trkpt lat="39.731971" lon="19.917900" /><trkpt lat="39.732480" lon="19.918325" /><trkpt lat="39.732653" lon="19.918440" /><trkpt lat="39.733028" lon="19.918607" /><trkpt lat="39.733300" lon="19.918725" /><trkpt lat="39.733830" lon="19.919064" /><trkpt lat="39.733910" lon="19.919101" /><trkpt lat="39.734052" lon="19.919128" /><trkpt lat="39.734436" lon="19.919168" /><trkpt lat="39.734725" lon="19.919151" /><trkpt lat="39.735056" lon="19.919032" /><trkpt lat="39.735165" lon="19.919001" /><trkpt lat="39.735297" lon="19.918980" /><trkpt lat="39.735735" lon="19.918986" /><trkpt lat="39.735785" lon="19.919004" /><trkpt lat="39.735830" lon="19.919036" /><trkpt lat="39.735858" lon="19.919082" /><trkpt lat="39.735878" lon="19.919170" /><trkpt lat="39.735869" lon="19.919233" /><trkpt lat="39.735846" lon="19.919280" /><trkpt lat="39.735809" lon="19.919343" /><trkpt lat="39.735769" lon="19.919386" /><trkpt lat="39.735670" lon="19.919445" /><trkpt lat="39.735355" lon="19.919553" /><trkpt lat="39.735232" lon="19.919615" /><trkpt lat="39.735097" lon="19.919695" /><trkpt lat="39.734845" lon="19.919900" /><trkpt lat="39.734726" lon="19.920011" /><trkpt lat="39.734543" lon="19.920228" /><trkpt lat="39.734260" lon="19.920657" /><trkpt lat="39.733951" lon="19.921208" /><trkpt lat="39.733604" lon="19.921938" /><trkpt lat="39.733537" lon="19.922100" /><trkpt lat="39.733534" lon="19.922144" /><trkpt lat="39.733542" lon="19.922191" /><trkpt lat="39.733558" lon="19.922215" /><trkpt lat="39.733584" lon="19.922232" /><trkpt lat="39.733609" lon="19.922236" /><trkpt lat="39.733615" lon="19.922310" /><trkpt lat="39.733630" lon="19.922382" /><trkpt lat="39.733680" lon="19.922522" /><trkpt lat="39.733777" lon="19.922694" /><trkpt lat="39.733832" lon="19.922709" /><trkpt lat="39.734202" lon="19.922894" /><trkpt lat="39.734331" lon="19.923006" /><trkpt lat="39.734451" lon="19.923079" /><trkpt lat="39.734504" lon="19.923126" /><trkpt lat="39.734529" lon="19.923199" /><trkpt lat="39.734551" lon="19.923358" /><trkpt lat="39.734565" lon="19.923727" /><trkpt lat="39.734564" lon="19.923890" /><trkpt lat="39.734525" lon="19.924203" /><trkpt lat="39.734442" lon="19.924716" /><trkpt lat="39.734344" lon="19.925052" /><trkpt lat="39.734299" lon="19.925219" /><trkpt lat="39.734287" lon="19.925291" /><trkpt lat="39.734291" lon="19.925550" /><trkpt lat="39.734391" lon="19.925843" /><trkpt lat="39.734494" lon="19.925963" /><trkpt lat="39.734594" lon="19.926053" /><trkpt lat="39.734659" lon="19.926052" /><trkpt lat="39.734815" lon="19.925925" /><trkpt lat="39.734807" lon="19.925707" /><trkpt lat="39.734783" lon="19.925572" /><trkpt lat="39.734894" lon="19.925205" /><trkpt lat="39.734790" lon="19.925146" /><trkpt lat="39.734842" lon="19.924956" /><trkpt lat="39.734866" lon="19.924770" /><trkpt lat="39.734901" lon="19.924566" /><trkpt lat="39.734971" lon="19.924426" /><trkpt lat="39.735043" lon="19.924325" /><trkpt lat="39.735028" lon="19.924312" /><trkpt lat="39.735010" lon="19.924276" /><trkpt lat="39.735001" lon="19.924182" /><trkpt lat="39.734999" lon="19.924077" /><trkpt lat="39.735012" lon="19.923658" /><trkpt lat="39.735098" lon="19.923694" /><trkpt lat="39.735149" lon="19.923697" /><trkpt lat="39.735198" lon="19.923679" /><trkpt lat="39.735510" lon="19.923164" /><trkpt lat="39.735647" lon="19.923129" /><trkpt lat="39.735916" lon="19.922985" /><trkpt lat="39.736039" lon="19.922859" /><trkpt lat="39.736142" lon="19.922738" /><trkpt lat="39.736695" lon="19.921973" /><trkpt lat="39.736810" lon="19.921878" /><trkpt lat="39.737063" lon="19.921694" /><trkpt lat="39.737160" lon="19.921649" /><trkpt lat="39.737257" lon="19.921643" /><trkpt lat="39.737351" lon="19.921647" /><trkpt lat="39.737494" lon="19.921692" /><trkpt lat="39.737661" lon="19.921730" /><trkpt lat="39.737786" lon="19.921728" /><trkpt lat="39.737818" lon="19.921718" /><trkpt lat="39.737842" lon="19.921686" /><trkpt lat="39.737836" lon="19.921654" /><trkpt lat="39.737822" lon="19.921626" /><trkpt lat="39.737726" lon="19.921563" /><trkpt lat="39.737569" lon="19.921483" /><trkpt lat="39.737494" lon="19.921421" /><trkpt lat="39.737430" lon="19.921311" /><trkpt lat="39.737387" lon="19.921214" /><trkpt lat="39.737310" lon="19.921112" /><trkpt lat="39.737186" lon="19.921035" /><trkpt lat="39.737161" lon="19.920967" /><trkpt lat="39.737178" lon="19.920906" /><trkpt lat="39.737206" lon="19.920882" /><trkpt lat="39.737382" lon="19.920892" /><trkpt lat="39.737580" lon="19.920916" /><trkpt lat="39.737936" lon="19.920920" /><trkpt lat="39.738278" lon="19.920940" /><trkpt lat="39.738508" lon="19.920971" /><trkpt lat="39.739431" lon="19.920863" /><trkpt lat="39.739544" lon="19.920894" /><trkpt lat="39.739642" lon="19.920959" /><trkpt lat="39.740333" lon="19.921684" /><trkpt lat="39.740443" lon="19.921743" /><trkpt lat="39.740564" lon="19.921789" /><trkpt lat="39.740672" lon="19.921810" /><trkpt lat="39.740795" lon="19.921780" /><trkpt lat="39.741016" lon="19.921684" /><trkpt lat="39.741242" lon="19.921552" /><trkpt lat="39.741433" lon="19.921358" /><trkpt lat="39.741620" lon="19.921137" /><trkpt lat="39.741740" lon="19.920924" /><trkpt lat="39.741803" lon="19.920710" /><trkpt lat="39.741836" lon="19.920479" /><trkpt lat="39.741812" lon="19.920238" /><trkpt lat="39.741771" lon="19.919996" /><trkpt lat="39.741679" lon="19.919648" /><trkpt lat="39.741672" lon="19.919482" /><trkpt lat="39.741725" lon="19.919333" /><trkpt lat="39.742038" lon="19.918946" /><trkpt lat="39.742159" lon="19.918763" /><trkpt lat="39.742228" lon="19.918689" /><trkpt lat="39.742313" lon="19.918643" /><trkpt lat="39.742398" lon="19.918662" /><trkpt lat="39.742473" lon="19.918696" /><trkpt lat="39.742508" lon="19.918722" /><trkpt lat="39.742823" lon="19.918918" /><trkpt lat="39.742961" lon="19.918930" /><trkpt lat="39.743356" lon="19.918903" /><trkpt lat="39.743425" lon="19.918949" /><trkpt lat="39.743475" lon="19.919016" /><trkpt lat="39.743546" lon="19.919297" /><trkpt lat="39.743574" lon="19.919376" /><trkpt lat="39.743625" lon="19.919444" /><trkpt lat="39.743777" lon="19.919589" /><trkpt lat="39.743961" lon="19.919744" /><trkpt lat="39.744122" lon="19.919855" /><trkpt lat="39.744282" lon="19.919919" /><trkpt lat="39.744322" lon="19.919913" /><trkpt lat="39.744359" lon="19.919901" /><trkpt lat="39.744630" lon="19.919651" /><trkpt lat="39.744758" lon="19.919582" /><trkpt lat="39.744913" lon="19.919542" /><trkpt lat="39.745079" lon="19.919475" /><trkpt lat="39.745151" lon="19.919431" /><trkpt lat="39.745210" lon="19.919386" /><trkpt lat="39.745354" lon="19.919235" /><trkpt lat="39.745504" lon="19.919128" /><trkpt lat="39.745653" lon="19.919034" /><trkpt lat="39.746069" lon="19.918884" /><trkpt lat="39.746378" lon="19.918804" /><trkpt lat="39.746763" lon="19.918820" /><trkpt lat="39.746907" lon="19.918803" /><trkpt lat="39.746955" lon="19.918806" /><trkpt lat="39.747002" lon="19.918823" /><trkpt lat="39.747090" lon="19.918973" /><trkpt lat="39.747172" lon="19.919137" /><trkpt lat="39.747210" lon="19.919165" /><trkpt lat="39.747250" lon="19.919158" /><trkpt lat="39.747265" lon="19.919128" /><trkpt lat="39.747280" lon="19.919063" /><trkpt lat="39.747262" lon="19.918955" /><trkpt lat="39.747259" lon="19.918862" /><trkpt lat="39.747390" lon="19.918572" /><trkpt lat="39.747451" lon="19.918487" /><trkpt lat="39.747535" lon="19.918389" /><trkpt lat="39.747629" lon="19.918312" /><trkpt lat="39.747728" lon="19.918238" /><trkpt lat="39.747838" lon="19.918185" /><trkpt lat="39.748106" lon="19.918066" /><trkpt lat="39.748506" lon="19.917905" /><trkpt lat="39.748610" lon="19.917870" /><trkpt lat="39.748639" lon="19.917782" /><trkpt lat="39.748738" lon="19.917555" /><trkpt lat="39.748927" lon="19.917179" /><trkpt lat="39.749035" lon="19.917002" /><trkpt lat="39.749162" lon="19.916825" /><trkpt lat="39.749283" lon="19.916763" /><trkpt lat="39.749316" lon="19.916920" /><trkpt lat="39.749275" lon="19.917092" /><trkpt lat="39.749241" lon="19.917245" /><trkpt lat="39.749308" lon="19.917752" /><trkpt lat="39.749394" lon="19.917892" /><trkpt lat="39.749602" lon="19.918004" /><trkpt lat="39.749850" lon="19.918124" /><trkpt lat="39.750083" lon="19.918227" /><trkpt lat="39.750251" lon="19.918401" /><trkpt lat="39.750368" lon="19.918871" /><trkpt lat="39.750326" lon="19.919063" /><trkpt lat="39.750320" lon="19.919216" /><trkpt lat="39.750377" lon="19.919295" /><trkpt lat="39.750480" lon="19.919487" /><trkpt lat="39.750636" lon="19.919485" /><trkpt lat="39.750733" lon="19.919364" /><trkpt lat="39.750960" lon="19.919302" /><trkpt lat="39.751076" lon="19.919306" /><trkpt lat="39.751147" lon="19.919356" /><trkpt lat="39.751298" lon="19.919422" /><trkpt lat="39.751440" lon="19.919447" /><trkpt lat="39.751625" lon="19.919442" /><trkpt lat="39.751779" lon="19.919347" /><trkpt lat="39.751824" lon="19.919311" /><trkpt lat="39.751998" lon="19.919401" /><trkpt lat="39.752050" lon="19.919323" /><trkpt lat="39.752169" lon="19.919264" /><trkpt lat="39.752493" lon="19.919175" /><trkpt lat="39.752736" lon="19.919304" /><trkpt lat="39.752939" lon="19.919397" /><trkpt lat="39.753125" lon="19.919481" /><trkpt lat="39.753285" lon="19.919533" /><trkpt lat="39.753404" lon="19.919588" /><trkpt lat="39.753477" lon="19.919601" /><trkpt lat="39.753506" lon="19.919594" /><trkpt lat="39.753613" lon="19.919558" /><trkpt lat="39.753746" lon="19.919494" /><trkpt lat="39.753996" lon="19.919388" /><trkpt lat="39.754268" lon="19.919369" /><trkpt lat="39.754763" lon="19.919317" /><trkpt lat="39.754804" lon="19.919343" /><trkpt lat="39.754890" lon="19.919389" /><trkpt lat="39.755042" lon="19.919495" /><trkpt lat="39.755163" lon="19.919552" /><trkpt lat="39.755308" lon="19.919586" /><trkpt lat="39.755665" lon="19.919603" /><trkpt lat="39.755867" lon="19.919664" /><trkpt lat="39.756015" lon="19.919757" /><trkpt lat="39.756160" lon="19.919861" /><trkpt lat="39.756240" lon="19.919945" /><trkpt lat="39.756282" lon="19.919999" /><trkpt lat="39.756328" lon="19.920135" /><trkpt lat="39.756468" lon="19.920182" /><trkpt lat="39.756669" lon="19.920411" /><trkpt lat="39.756814" lon="19.920541" /><trkpt lat="39.757051" lon="19.920735" /><trkpt lat="39.757256" lon="19.921092" /><trkpt lat="39.757334" lon="19.921262" /><trkpt lat="39.757462" lon="19.921872" /><trkpt lat="39.757571" lon="19.921994" /><trkpt lat="39.757750" lon="19.922153" /><trkpt lat="39.758063" lon="19.922316" /><trkpt lat="39.758167" lon="19.922452" /><trkpt lat="39.758256" lon="19.922544" /><trkpt lat="39.758389" lon="19.922717" /><trkpt lat="39.758747" lon="19.922823" /><trkpt lat="39.758771" lon="19.922849" /><trkpt lat="39.758771" lon="19.923107" /><trkpt lat="39.758861" lon="19.923335" /><trkpt lat="39.758917" lon="19.923371" /><trkpt lat="39.759125" lon="19.923581" /><trkpt lat="39.759218" lon="19.923656" /><trkpt lat="39.759553" lon="19.924132" /><trkpt lat="39.759583" lon="19.924193" /><trkpt lat="39.759595" lon="19.924260" /><trkpt lat="39.759578" lon="19.924423" /><trkpt lat="39.759537" lon="19.924667" /><trkpt lat="39.759554" lon="19.924703" /><trkpt lat="39.759590" lon="19.924794" /><trkpt lat="39.759593" lon="19.924901" /><trkpt lat="39.759641" lon="19.924969" /><trkpt lat="39.759675" lon="19.924941" /><trkpt lat="39.759734" lon="19.924874" /><trkpt lat="39.759835" lon="19.924811" /><trkpt lat="39.760178" lon="19.924557" /><trkpt lat="39.760251" lon="19.924552" /><trkpt lat="39.760421" lon="19.924573" /><trkpt lat="39.760738" lon="19.924426" /><trkpt lat="39.760923" lon="19.924231" /><trkpt lat="39.760961" lon="19.924180" /><trkpt lat="39.761185" lon="19.924064" /><trkpt lat="39.761242" lon="19.924123" /><trkpt lat="39.761553" lon="19.924561" /><trkpt lat="39.761742" lon="19.924871" /><trkpt lat="39.761802" lon="19.925203" /><trkpt lat="39.762086" lon="19.925431" /><trkpt lat="39.762354" lon="19.925757" /><trkpt lat="39.762467" lon="19.925747" /><trkpt lat="39.762622" lon="19.925537" /><trkpt lat="39.763088" lon="19.925632" /><trkpt lat="39.763186" lon="19.925553" /><trkpt lat="39.763238" lon="19.925602" /><trkpt lat="39.763505" lon="19.925396" /><trkpt lat="39.763792" lon="19.925319" /><trkpt lat="39.764141" lon="19.925336" /><trkpt lat="39.764277" lon="19.925439" /><trkpt lat="39.764399" lon="19.925458" /><trkpt lat="39.764677" lon="19.925728" /><trkpt lat="39.764763" lon="19.925813" /><trkpt lat="39.764823" lon="19.925894" /><trkpt lat="39.764862" lon="19.926154" /><trkpt lat="39.765036" lon="19.926358" /><trkpt lat="39.765041" lon="19.926473" /><trkpt lat="39.765001" lon="19.926666" /><trkpt lat="39.765143" lon="19.926873" /><trkpt lat="39.765168" lon="19.926942" /><trkpt lat="39.765252" lon="19.927090" /><trkpt lat="39.765562" lon="19.927850" /><trkpt lat="39.765626" lon="19.927945" /><trkpt lat="39.765670" lon="19.928011" /><trkpt lat="39.765711" lon="19.928022" /><trkpt lat="39.765983" lon="19.927855" /><trkpt lat="39.766362" lon="19.927829" /><trkpt lat="39.766462" lon="19.927852" /><trkpt lat="39.766466" lon="19.927731" /><trkpt lat="39.766442" lon="19.927665" /><trkpt lat="39.766435" lon="19.927614" /><trkpt lat="39.766468" lon="19.927567" /><trkpt lat="39.766804" lon="19.927637" /><trkpt lat="39.766994" lon="19.927704" /><trkpt lat="39.767171" lon="19.927778" /><trkpt lat="39.767326" lon="19.927826" /><trkpt lat="39.767580" lon="19.927772" /><trkpt lat="39.767834" lon="19.927831" /><trkpt lat="39.767918" lon="19.927792" /><trkpt lat="39.768069" lon="19.927700" /><trkpt lat="39.768323" lon="19.927590" /><trkpt lat="39.768570" lon="19.927473" /><trkpt lat="39.768961" lon="19.927190" /><trkpt lat="39.769012" lon="19.927102" /><trkpt lat="39.769241" lon="19.926943" /><trkpt lat="39.769365" lon="19.926888" /><trkpt lat="39.769385" lon="19.926853" /><trkpt lat="39.769380" lon="19.926811" /><trkpt lat="39.769369" lon="19.926794" /><trkpt lat="39.769355" lon="19.926784" /><trkpt lat="39.769294" lon="19.926776" /><trkpt lat="39.769194" lon="19.926791" /><trkpt lat="39.769015" lon="19.926835" /><trkpt lat="39.768982" lon="19.926832" /><trkpt lat="39.768970" lon="19.926816" /><trkpt lat="39.768967" lon="19.926781" /><trkpt lat="39.768972" lon="19.926765" /><trkpt lat="39.769016" lon="19.926717" /><trkpt lat="39.769346" lon="19.926447" /><trkpt lat="39.769970" lon="19.926125" /><trkpt lat="39.770115" lon="19.926080" /><trkpt lat="39.770426" lon="19.926061" /><trkpt lat="39.770508" lon="19.926029" /><trkpt lat="39.771042" lon="19.925991" /><trkpt lat="39.771131" lon="19.925981" /><trkpt lat="39.771488" lon="19.926072" /><trkpt lat="39.771770" lon="19.926238" /><trkpt lat="39.772211" lon="19.926198" /><trkpt lat="39.772294" lon="19.926222" /><trkpt lat="39.772411" lon="19.926284" /><trkpt lat="39.772510" lon="19.926386" /><trkpt lat="39.772704" lon="19.926694" /><trkpt lat="39.772805" lon="19.926938" /><trkpt lat="39.772990" lon="19.927354" /><trkpt lat="39.773118" lon="19.927598" /><trkpt lat="39.773230" lon="19.927896" /><trkpt lat="39.773328" lon="19.928087" /><trkpt lat="39.773362" lon="19.928265" /><trkpt lat="39.773361" lon="19.928360" /><trkpt lat="39.773346" lon="19.928431" /><trkpt lat="39.773752" lon="19.928298" /><trkpt lat="39.773855" lon="19.928280" /><trkpt lat="39.773962" lon="19.928281" /><trkpt lat="39.774307" lon="19.928354" /><trkpt lat="39.774830" lon="19.928482" /><trkpt lat="39.775081" lon="19.928551" /><trkpt lat="39.775143" lon="19.928561" /><trkpt lat="39.775207" lon="19.928560" /><trkpt lat="39.775568" lon="19.928470" /><trkpt lat="39.775925" lon="19.928368" /><trkpt lat="39.776258" lon="19.928310" /><trkpt lat="39.776378" lon="19.928271" /><trkpt lat="39.776428" lon="19.928255" /><trkpt lat="39.776561" lon="19.928189" /><trkpt lat="39.776760" lon="19.928069" /><trkpt lat="39.776876" lon="19.927994" /><trkpt lat="39.776984" lon="19.927908" /><trkpt lat="39.777056" lon="19.927821" /><trkpt lat="39.777126" lon="19.927723" /><trkpt lat="39.777286" lon="19.927440" /><trkpt lat="39.777872" lon="19.926298" /><trkpt lat="39.777992" lon="19.926249" /><trkpt lat="39.778264" lon="19.926012" /><trkpt lat="39.778325" lon="19.925916" /><trkpt lat="39.778404" lon="19.925704" /><trkpt lat="39.778422" lon="19.925587" /><trkpt lat="39.778421" lon="19.925384" /><trkpt lat="39.778369" lon="19.925299" /><trkpt lat="39.778449" lon="19.925059" /><trkpt lat="39.778499" lon="19.924951" /><trkpt lat="39.778552" lon="19.924878" /><trkpt lat="39.778588" lon="19.924841" /><trkpt lat="39.778636" lon="19.924807" /><trkpt lat="39.778683" lon="19.924782" /><trkpt lat="39.778740" lon="19.924763" /><trkpt lat="39.778870" lon="19.924739" /><trkpt lat="39.779194" lon="19.924728" /><trkpt lat="39.779349" lon="19.924727" /><trkpt lat="39.779468" lon="19.924727" /><trkpt lat="39.779779" lon="19.924725" /><trkpt lat="39.780096" lon="19.924745" /><trkpt lat="39.780640" lon="19.924710" /><trkpt lat="39.781097" lon="19.924708" /><trkpt lat="39.781261" lon="19.924695" /><trkpt lat="39.781531" lon="19.924644" /><trkpt lat="39.781745" lon="19.924578" /><trkpt lat="39.781880" lon="19.924507" /><trkpt lat="39.782070" lon="19.924392" /><trkpt lat="39.782241" lon="19.924282" /><trkpt lat="39.782343" lon="19.924203" /><trkpt lat="39.782420" lon="19.924130" /><trkpt lat="39.782767" lon="19.923767" /><trkpt lat="39.782830" lon="19.923693" /><trkpt lat="39.782951" lon="19.923550" /><trkpt lat="39.783523" lon="19.922876" /><trkpt lat="39.784087" lon="19.922183" /><trkpt lat="39.784508" lon="19.921657" /><trkpt lat="39.784590" lon="19.921575" /><trkpt lat="39.784743" lon="19.921399" /><trkpt lat="39.784911" lon="19.921278" /><trkpt lat="39.785400" lon="19.921073" /><trkpt lat="39.785612" lon="19.920998" /><trkpt lat="39.785880" lon="19.921003" /><trkpt lat="39.786716" lon="19.920948" /><trkpt lat="39.786857" lon="19.920923" /><trkpt lat="39.786958" lon="19.920887" /><trkpt lat="39.787304" lon="19.920773" /><trkpt lat="39.787371" lon="19.920765" /><trkpt lat="39.787514" lon="19.920738" /><trkpt lat="39.787832" lon="19.920723" /><trkpt lat="39.788556" lon="19.920723" /><trkpt lat="39.788822" lon="19.920719" /><trkpt lat="39.788924" lon="19.920729" /><trkpt lat="39.788965" lon="19.920744" /><trkpt lat="39.788911" lon="19.921035" /><trkpt lat="39.788868" lon="19.921329" /><trkpt lat="39.788858" lon="19.921621" /><trkpt lat="39.788870" lon="19.922063" /><trkpt lat="39.788870" lon="19.922063" /><trkpt lat="39.788858" lon="19.921621" /><trkpt lat="39.788868" lon="19.921329" /><trkpt lat="39.788911" lon="19.921035" /><trkpt lat="39.788965" lon="19.920744" /><trkpt lat="39.788924" lon="19.920729" /><trkpt lat="39.788822" lon="19.920719" /><trkpt lat="39.788556" lon="19.920723" /><trkpt lat="39.787832" lon="19.920723" /><trkpt lat="39.787827" lon="19.921031" /><trkpt lat="39.787817" lon="19.921251" /><trkpt lat="39.787792" lon="19.921561" /><trkpt lat="39.787723" lon="19.921608" /><trkpt lat="39.787651" lon="19.921626" /><trkpt lat="39.787377" lon="19.921611" /><trkpt lat="39.787318" lon="19.921624" /><trkpt lat="39.787294" lon="19.921667" /><trkpt lat="39.787198" lon="19.922086" /><trkpt lat="39.787188" lon="19.922116" /><trkpt lat="39.787156" lon="19.922128" /><trkpt lat="39.786808" lon="19.922087" /><trkpt lat="39.786747" lon="19.922102" /><trkpt lat="39.786706" lon="19.922149" /><trkpt lat="39.786686" lon="19.922190" /><trkpt lat="39.786627" lon="19.922600" /><trkpt lat="39.786521" lon="19.922354" /><trkpt lat="39.786499" lon="19.922408" /><trkpt lat="39.786331" lon="19.923027" /><trkpt lat="39.786236" lon="19.923450" /><trkpt lat="39.786173" lon="19.923601" /><trkpt lat="39.786009" lon="19.923929" /><trkpt lat="39.785982" lon="19.924080" /><trkpt lat="39.785910" lon="19.924222" /><trkpt lat="39.785872" lon="19.924325" /><trkpt lat="39.785678" lon="19.924647" /><trkpt lat="39.785664" lon="19.924702" /><trkpt lat="39.785716" lon="19.924863" /><trkpt lat="39.785723" lon="19.924917" /><trkpt lat="39.785718" lon="19.924983" /><trkpt lat="39.785687" lon="19.925101" /><trkpt lat="39.785616" lon="19.925213" /><trkpt lat="39.785585" lon="19.925234" /><trkpt lat="39.785525" lon="19.925245" /><trkpt lat="39.785429" lon="19.925235" /><trkpt lat="39.785337" lon="19.925500" /><trkpt lat="39.785281" lon="19.925861" /><trkpt lat="39.785211" lon="19.926028" /><trkpt lat="39.785082" lon="19.926179" /><trkpt lat="39.785054" lon="19.926193" /><trkpt lat="39.784912" lon="19.926120" /><trkpt lat="39.784811" lon="19.926105" /><trkpt lat="39.784630" lon="19.926193" /><trkpt lat="39.784541" lon="19.926227" /><trkpt lat="39.784416" lon="19.926195" /><trkpt lat="39.784402" lon="19.925989" /><trkpt lat="39.784388" lon="19.925958" /><trkpt lat="39.784318" lon="19.925910" /><trkpt lat="39.784238" lon="19.925867" /><trkpt lat="39.784109" lon="19.925778" /><trkpt lat="39.784017" lon="19.925818" /><trkpt lat="39.783943" lon="19.925923" /><trkpt lat="39.783867" lon="19.926063" /><trkpt lat="39.783833" lon="19.926086" /><trkpt lat="39.783772" lon="19.926099" /><trkpt lat="39.783683" lon="19.926099" /><trkpt lat="39.783565" lon="19.926124" /><trkpt lat="39.783543" lon="19.926238" /><trkpt lat="39.783296" lon="19.926768" /><trkpt lat="39.783253" lon="19.926889" /><trkpt lat="39.783244" lon="19.927177" /><trkpt lat="39.783175" lon="19.927344" /><trkpt lat="39.783096" lon="19.927425" /><trkpt lat="39.782842" lon="19.927603" /><trkpt lat="39.782662" lon="19.927745" /><trkpt lat="39.782570" lon="19.927808" /><trkpt lat="39.782216" lon="19.927935" /><trkpt lat="39.781958" lon="19.928061" /><trkpt lat="39.781149" lon="19.928401" /><trkpt lat="39.781107" lon="19.928425" /><trkpt lat="39.781070" lon="19.928459" /><trkpt lat="39.781033" lon="19.928505" /><trkpt lat="39.780961" lon="19.928627" /><trkpt lat="39.780830" lon="19.928900" /><trkpt lat="39.780752" lon="19.929096" /><trkpt lat="39.780644" lon="19.929285" /><trkpt lat="39.780508" lon="19.929497" /><trkpt lat="39.779897" lon="19.930394" /><trkpt lat="39.779749" lon="19.930539" /><trkpt lat="39.779707" lon="19.930666" /><trkpt lat="39.779429" lon="19.931272" /><trkpt lat="39.779241" lon="19.931754" /><trkpt lat="39.779104" lon="19.932022" /><trkpt lat="39.778845" lon="19.932467" /><trkpt lat="39.778792" lon="19.932559" /><trkpt lat="39.778687" lon="19.932728" /><trkpt lat="39.778656" lon="19.933027" /><trkpt lat="39.778621" lon="19.933815" /><trkpt lat="39.778612" lon="19.933917" /><trkpt lat="39.778593" lon="19.934014" /><trkpt lat="39.778567" lon="19.934094" /><trkpt lat="39.778531" lon="19.934166" /><trkpt lat="39.778429" lon="19.934333" /><trkpt lat="39.778058" lon="19.934762" /><trkpt lat="39.777956" lon="19.934918" /><trkpt lat="39.777880" lon="19.935080" /><trkpt lat="39.777827" lon="19.935218" /><trkpt lat="39.777743" lon="19.935495" /><trkpt lat="39.777703" lon="19.935721" /><trkpt lat="39.777697" lon="19.935770" /><trkpt lat="39.777722" lon="19.935823" /><trkpt lat="39.777585" lon="19.935825" /><trkpt lat="39.777387" lon="19.935776" /><trkpt lat="39.777349" lon="19.935752" /><trkpt lat="39.777340" lon="19.935707" /><trkpt lat="39.777336" lon="19.935604" /><trkpt lat="39.777316" lon="19.935576" /><trkpt lat="39.777280" lon="19.935544" /><trkpt lat="39.776786" lon="19.935425" /><trkpt lat="39.776516" lon="19.935404" /><trkpt lat="39.776288" lon="19.935405" /><trkpt lat="39.776219" lon="19.935494" /><trkpt lat="39.776171" lon="19.935541" /><trkpt lat="39.776114" lon="19.935574" /><trkpt lat="39.776056" lon="19.935592" /><trkpt lat="39.776003" lon="19.935596" /><trkpt lat="39.775951" lon="19.935582" /><trkpt lat="39.775910" lon="19.935561" /><trkpt lat="39.775612" lon="19.935346" /><trkpt lat="39.775260" lon="19.934982" /><trkpt lat="39.774936" lon="19.934604" /><trkpt lat="39.774942" lon="19.934509" /><trkpt lat="39.774914" lon="19.934433" /><trkpt lat="39.774765" lon="19.934311" /><trkpt lat="39.774659" lon="19.934286" /><trkpt lat="39.774606" lon="19.934329" /><trkpt lat="39.774405" lon="19.934264" /><trkpt lat="39.774163" lon="19.934150" /><trkpt lat="39.773659" lon="19.933790" /><trkpt lat="39.773531" lon="19.933651" /><trkpt lat="39.773247" lon="19.933447" /><trkpt lat="39.773196" lon="19.933349" /><trkpt lat="39.773153" lon="19.933239" /><trkpt lat="39.773004" lon="19.933032" /><trkpt lat="39.772885" lon="19.932795" /><trkpt lat="39.772799" lon="19.932688" /><trkpt lat="39.772706" lon="19.932598" /><trkpt lat="39.772591" lon="19.932542" /><trkpt lat="39.772498" lon="19.932527" /><trkpt lat="39.772403" lon="19.932527" /><trkpt lat="39.772200" lon="19.932560" /><trkpt lat="39.772096" lon="19.932559" /><trkpt lat="39.771819" lon="19.932536" /><trkpt lat="39.771680" lon="19.932501" /><trkpt lat="39.771601" lon="19.932453" /><trkpt lat="39.771516" lon="19.932475" /><trkpt lat="39.771459" lon="19.932529" /><trkpt lat="39.771412" lon="19.932598" /><trkpt lat="39.771349" lon="19.932734" /><trkpt lat="39.771346" lon="19.932762" /><trkpt lat="39.771403" lon="19.933018" /><trkpt lat="39.771413" lon="19.933131" /><trkpt lat="39.771407" lon="19.933208" /><trkpt lat="39.771312" lon="19.933326" /><trkpt lat="39.771056" lon="19.933603" /><trkpt lat="39.770809" lon="19.933853" /><trkpt lat="39.770574" lon="19.934120" /><trkpt lat="39.770430" lon="19.934389" /><trkpt lat="39.770307" lon="19.934510" /><trkpt lat="39.770232" lon="19.934584" /><trkpt lat="39.769951" lon="19.934933" /><trkpt lat="39.769928" lon="19.935042" /><trkpt lat="39.769916" lon="19.935148" /><trkpt lat="39.769903" lon="19.935430" /><trkpt lat="39.769874" lon="19.935654" /><trkpt lat="39.769795" lon="19.935804" /><trkpt lat="39.769733" lon="19.935865" /><trkpt lat="39.769638" lon="19.935908" /><trkpt lat="39.769539" lon="19.936054" /><trkpt lat="39.769529" lon="19.936183" /><trkpt lat="39.769579" lon="19.936335" /><trkpt lat="39.769632" lon="19.936393" /><trkpt lat="39.769712" lon="19.936431" /><trkpt lat="39.770006" lon="19.937008" /><trkpt lat="39.770123" lon="19.937378" /><trkpt lat="39.770150" lon="19.937626" /><trkpt lat="39.770122" lon="19.937757" /><trkpt lat="39.770008" lon="19.937928" /><trkpt lat="39.769833" lon="19.938133" /><trkpt lat="39.769634" lon="19.938344" /><trkpt lat="39.769415" lon="19.938539" /><trkpt lat="39.769222" lon="19.938653" /><trkpt lat="39.769103" lon="19.938568" /><trkpt lat="39.768986" lon="19.938501" /><trkpt lat="39.768918" lon="19.938439" /><trkpt lat="39.768824" lon="19.938370" /><trkpt lat="39.768649" lon="19.938256" /><trkpt lat="39.768426" lon="19.938147" /><trkpt lat="39.768363" lon="19.938090" /><trkpt lat="39.768239" lon="19.937791" /><trkpt lat="39.768137" lon="19.937624" /><trkpt lat="39.768052" lon="19.937516" /><trkpt lat="39.767975" lon="19.937427" /><trkpt lat="39.767744" lon="19.937314" /><trkpt lat="39.767550" lon="19.937247" /><trkpt lat="39.767422" lon="19.937196" /><trkpt lat="39.767275" lon="19.937182" /><trkpt lat="39.766976" lon="19.937217" /><trkpt lat="39.766808" lon="19.937179" /><trkpt lat="39.766556" lon="19.937089" /><trkpt lat="39.766362" lon="19.937053" /><trkpt lat="39.765857" lon="19.936805" /><trkpt lat="39.765752" lon="19.936773" /><trkpt lat="39.765618" lon="19.936775" /><trkpt lat="39.765387" lon="19.936812" /><trkpt lat="39.765034" lon="19.936897" /><trkpt lat="39.764893" lon="19.936915" /><trkpt lat="39.764684" lon="19.936925" /><trkpt lat="39.764330" lon="19.936949" /><trkpt lat="39.764253" lon="19.936983" /><trkpt lat="39.764184" lon="19.937026" /><trkpt lat="39.763940" lon="19.937292" /><trkpt lat="39.763883" lon="19.937307" /><trkpt lat="39.763827" lon="19.937311" /><trkpt lat="39.763711" lon="19.937279" /><trkpt lat="39.763462" lon="19.937156" /><trkpt lat="39.763294" lon="19.937201" /><trkpt lat="39.763209" lon="19.937263" /><trkpt lat="39.763034" lon="19.937477" /><trkpt lat="39.762956" lon="19.937492" /><trkpt lat="39.762762" lon="19.937456" /><trkpt lat="39.762716" lon="19.937432" /><trkpt lat="39.762565" lon="19.937376" /><trkpt lat="39.762514" lon="19.937331" /><trkpt lat="39.762481" lon="19.937245" /><trkpt lat="39.762486" lon="19.937164" /><trkpt lat="39.762648" lon="19.936442" /><trkpt lat="39.762652" lon="19.936350" /><trkpt lat="39.762640" lon="19.936222" /><trkpt lat="39.762612" lon="19.936103" /><trkpt lat="39.762551" lon="19.936001" /><trkpt lat="39.762462" lon="19.935911" /><trkpt lat="39.762237" lon="19.935738" /><trkpt lat="39.761998" lon="19.935592" /><trkpt lat="39.761660" lon="19.935502" /><trkpt lat="39.761604" lon="19.935503" /><trkpt lat="39.761394" lon="19.935610" /><trkpt lat="39.761284" lon="19.935602" /><trkpt lat="39.761225" lon="19.935552" /><trkpt lat="39.761159" lon="19.935462" /><trkpt lat="39.761030" lon="19.935315" /><trkpt lat="39.760985" lon="19.935209" /><trkpt lat="39.760957" lon="19.935095" /><trkpt lat="39.760952" lon="19.935033" /><trkpt lat="39.760953" lon="19.934971" /><trkpt lat="39.760982" lon="19.934782" /><trkpt lat="39.760977" lon="19.934721" /><trkpt lat="39.760946" lon="19.934655" /><trkpt lat="39.760917" lon="19.934641" /><trkpt lat="39.760620" lon="19.934628" /><trkpt lat="39.760537" lon="19.934604" /><trkpt lat="39.760503" lon="19.934503" /><trkpt lat="39.760469" lon="19.934447" /><trkpt lat="39.760440" lon="19.934431" /><trkpt lat="39.760397" lon="19.934423" /><trkpt lat="39.760380" lon="19.934501" /><trkpt lat="39.760392" lon="19.934612" /><trkpt lat="39.760419" lon="19.934660" /><trkpt lat="39.760452" lon="19.934679" /><trkpt lat="39.760458" lon="19.934963" /><trkpt lat="39.760419" lon="19.935059" /><trkpt lat="39.760345" lon="19.935114" /><trkpt lat="39.760227" lon="19.935136" /><trkpt lat="39.760132" lon="19.935061" /><trkpt lat="39.760090" lon="19.935011" /><trkpt lat="39.760033" lon="19.934988" /><trkpt lat="39.759988" lon="19.934989" /><trkpt lat="39.759904" lon="19.935053" /><trkpt lat="39.759804" lon="19.935155" /><trkpt lat="39.759563" lon="19.935530" /><trkpt lat="39.759159" lon="19.936023" /><trkpt lat="39.758968" lon="19.936185" /><trkpt lat="39.758848" lon="19.936369" /><trkpt lat="39.758787" lon="19.936704" /><trkpt lat="39.758900" lon="19.936898" /><trkpt lat="39.758933" lon="19.936975" /><trkpt lat="39.758953" lon="19.937065" /><trkpt lat="39.758978" lon="19.937242" /><trkpt lat="39.758981" lon="19.937547" /><trkpt lat="39.758989" lon="19.937868" /><trkpt lat="39.759021" lon="19.937965" /><trkpt lat="39.759086" lon="19.938091" /><trkpt lat="39.759118" lon="19.938178" /><trkpt lat="39.759142" lon="19.938273" /><trkpt lat="39.759156" lon="19.938367" /><trkpt lat="39.759162" lon="19.938460" /><trkpt lat="39.759119" lon="19.938733" /><trkpt lat="39.759095" lon="19.938842" /><trkpt lat="39.758981" lon="19.939250" /><trkpt lat="39.758936" lon="19.939506" /><trkpt lat="39.758908" lon="19.939587" /><trkpt lat="39.758874" lon="19.939763" /><trkpt lat="39.758820" lon="19.939780" /><trkpt lat="39.758767" lon="19.939770" /><trkpt lat="39.758601" lon="19.939817" /><trkpt lat="39.758542" lon="19.939807" /><trkpt lat="39.758468" lon="19.939774" /><trkpt lat="39.758342" lon="19.939739" /><trkpt lat="39.758288" lon="19.939779" /><trkpt lat="39.758161" lon="19.939936" /><trkpt lat="39.758019" lon="19.940071" /><trkpt lat="39.757996" lon="19.940122" /><trkpt lat="39.757980" lon="19.940185" /><trkpt lat="39.757976" lon="19.940239" /><trkpt lat="39.757985" lon="19.940293" /><trkpt lat="39.758003" lon="19.940327" /><trkpt lat="39.758042" lon="19.940400" /><trkpt lat="39.758083" lon="19.940456" /><trkpt lat="39.758149" lon="19.940509" /><trkpt lat="39.758204" lon="19.940537" /><trkpt lat="39.758316" lon="19.940570" /><trkpt lat="39.758423" lon="19.940612" /><trkpt lat="39.758524" lon="19.940677" /><trkpt lat="39.758563" lon="19.940736" /><trkpt lat="39.758577" lon="19.940798" /><trkpt lat="39.758532" lon="19.940860" /><trkpt lat="39.758464" lon="19.941040" /><trkpt lat="39.758367" lon="19.941337" /><trkpt lat="39.758234" lon="19.941660" /><trkpt lat="39.758115" lon="19.942140" /><trkpt lat="39.758045" lon="19.942594" /><trkpt lat="39.758010" lon="19.943167" /><trkpt lat="39.757889" lon="19.943673" /><trkpt lat="39.757838" lon="19.943670" /><trkpt lat="39.757788" lon="19.943641" /><trkpt lat="39.757730" lon="19.943546" /><trkpt lat="39.757660" lon="19.943371" /><trkpt lat="39.757603" lon="19.942939" /><trkpt lat="39.757569" lon="19.942788" /><trkpt lat="39.757531" lon="19.942661" /><trkpt lat="39.757495" lon="19.942589" /><trkpt lat="39.757302" lon="19.942677" /><trkpt lat="39.756858" lon="19.942825" /><trkpt lat="39.756682" lon="19.942866" /><trkpt lat="39.756565" lon="19.942870" /><trkpt lat="39.755889" lon="19.942780" /><trkpt lat="39.755254" lon="19.942802" /><trkpt lat="39.755112" lon="19.942835" /><trkpt lat="39.754973" lon="19.942877" /><trkpt lat="39.754859" lon="19.942518" /><trkpt lat="39.754598" lon="19.941815" /><trkpt lat="39.754197" lon="19.941000" /><trkpt lat="39.753877" lon="19.940438" /><trkpt lat="39.753611" lon="19.940150" /><trkpt lat="39.753559" lon="19.940114" /><trkpt lat="39.753400" lon="19.940005" /><trkpt lat="39.753238" lon="19.939914" /><trkpt lat="39.752997" lon="19.939880" /><trkpt lat="39.752938" lon="19.939921" /><trkpt lat="39.752892" lon="19.939972" /><trkpt lat="39.752681" lon="19.940142" /><trkpt lat="39.752583" lon="19.940148" /><trkpt lat="39.752470" lon="19.940172" /><trkpt lat="39.752361" lon="19.940139" /><trkpt lat="39.752285" lon="19.940126" /><trkpt lat="39.752083" lon="19.939958" /><trkpt lat="39.751901" lon="19.939861" /><trkpt lat="39.751748" lon="19.939729" /><trkpt lat="39.751645" lon="19.939681" /><trkpt lat="39.751439" lon="19.939509" /><trkpt lat="39.751322" lon="19.939485" /><trkpt lat="39.751231" lon="19.939579" /><trkpt lat="39.751144" lon="19.939748" /><trkpt lat="39.750849" lon="19.939994" /><trkpt lat="39.750754" lon="19.940046" /><trkpt lat="39.750695" lon="19.940097" /><trkpt lat="39.750526" lon="19.940176" /><trkpt lat="39.750417" lon="19.940136" /><trkpt lat="39.750355" lon="19.940173" /><trkpt lat="39.750190" lon="19.940226" /><trkpt lat="39.750022" lon="19.940428" /><trkpt lat="39.749930" lon="19.940561" /><trkpt lat="39.749724" lon="19.940840" /><trkpt lat="39.749581" lon="19.940964" /><trkpt lat="39.749443" lon="19.941097" /><trkpt lat="39.749399" lon="19.941191" /><trkpt lat="39.749360" lon="19.941210" /><trkpt lat="39.749319" lon="19.941174" /><trkpt lat="39.749235" lon="19.941248" /><trkpt lat="39.749155" lon="19.941269" /><trkpt lat="39.748939" lon="19.941345" /><trkpt lat="39.748867" lon="19.941382" /><trkpt lat="39.748803" lon="19.941395" /><trkpt lat="39.748642" lon="19.941389" /><trkpt lat="39.748546" lon="19.941359" /><trkpt lat="39.748517" lon="19.941306" /><trkpt lat="39.748479" lon="19.941293" /><trkpt lat="39.748400" lon="19.941171" /><trkpt lat="39.748383" lon="19.941104" /><trkpt lat="39.748295" lon="19.940960" /><trkpt lat="39.748293" lon="19.940796" /><trkpt lat="39.748229" lon="19.940631" /><trkpt lat="39.748197" lon="19.940486" /><trkpt lat="39.748117" lon="19.940420" /><trkpt lat="39.748046" lon="19.940340" /><trkpt lat="39.747968" lon="19.940273" /><trkpt lat="39.747910" lon="19.940210" /><trkpt lat="39.747780" lon="19.940119" /><trkpt lat="39.747193" lon="19.940155" /><trkpt lat="39.747092" lon="19.940063" /><trkpt lat="39.747024" lon="19.939947" /><trkpt lat="39.746923" lon="19.939896" /><trkpt lat="39.746871" lon="19.939793" /><trkpt lat="39.746790" lon="19.939581" /><trkpt lat="39.746734" lon="19.939388" /><trkpt lat="39.746687" lon="19.939330" /><trkpt lat="39.746681" lon="19.939241" /><trkpt lat="39.746637" lon="19.939090" /><trkpt lat="39.746510" lon="19.938818" /><trkpt lat="39.746425" lon="19.938786" /><trkpt lat="39.746353" lon="19.938791" /><trkpt lat="39.745890" lon="19.938691" /><trkpt lat="39.745751" lon="19.938678" /><trkpt lat="39.745636" lon="19.938676" /><trkpt lat="39.745585" lon="19.938581" /><trkpt lat="39.745367" lon="19.938627" /><trkpt lat="39.744808" lon="19.939247" /><trkpt lat="39.744712" lon="19.939377" /><trkpt lat="39.744710" lon="19.939422" /><trkpt lat="39.744684" lon="19.939485" /><trkpt lat="39.744463" lon="19.939717" /><trkpt lat="39.744299" lon="19.939947" /><trkpt lat="39.744212" lon="19.940157" /><trkpt lat="39.744217" lon="19.940228" /><trkpt lat="39.744122" lon="19.940611" /><trkpt lat="39.744109" lon="19.940815" /><trkpt lat="39.744111" lon="19.940832" /><trkpt lat="39.744111" lon="19.940832" /><trkpt lat="39.744109" lon="19.940815" /><trkpt lat="39.744122" lon="19.940611" /><trkpt lat="39.744217" lon="19.940228" /><trkpt lat="39.744212" lon="19.940157" /><trkpt lat="39.744299" lon="19.939947" /><trkpt lat="39.744463" lon="19.939717" /><trkpt lat="39.744684" lon="19.939485" /><trkpt lat="39.744710" lon="19.939422" /><trkpt lat="39.744712" lon="19.939377" /><trkpt lat="39.744679" lon="19.939352" /><trkpt lat="39.744630" lon="19.939361" /><trkpt lat="39.744500" lon="19.939511" /><trkpt lat="39.743913" lon="19.940102" /><trkpt lat="39.743755" lon="19.940432" /><trkpt lat="39.743685" lon="19.940402" /><trkpt lat="39.743654" lon="19.940479" /><trkpt lat="39.743629" lon="19.940519" /><trkpt lat="39.743592" lon="19.940519" /><trkpt lat="39.743538" lon="19.940469" /><trkpt lat="39.743380" lon="19.940280" /><trkpt lat="39.743058" lon="19.939922" /><trkpt lat="39.742953" lon="19.939789" /><trkpt lat="39.742908" lon="19.939675" /><trkpt lat="39.742891" lon="19.939491" /><trkpt lat="39.742917" lon="19.939261" /><trkpt lat="39.742980" lon="19.939036" /><trkpt lat="39.743127" lon="19.938750" /><trkpt lat="39.743276" lon="19.938487" /><trkpt lat="39.743466" lon="19.938232" /><trkpt lat="39.743857" lon="19.937808" /><trkpt lat="39.743987" lon="19.937635" /><trkpt lat="39.744059" lon="19.937527" /><trkpt lat="39.744143" lon="19.937294" /><trkpt lat="39.744202" lon="19.937064" /><trkpt lat="39.744349" lon="19.936713" /><trkpt lat="39.744381" lon="19.936656" /><trkpt lat="39.744438" lon="19.936590" /><trkpt lat="39.744476" lon="19.936559" /><trkpt lat="39.744703" lon="19.936423" /><trkpt lat="39.744843" lon="19.936353" /><trkpt lat="39.744924" lon="19.936287" /><trkpt lat="39.744952" lon="19.936255" /><trkpt lat="39.744964" lon="19.936224" /><trkpt lat="39.744963" lon="19.936153" /><trkpt lat="39.744943" lon="19.936115" /><trkpt lat="39.744914" lon="19.936083" /><trkpt lat="39.744542" lon="19.935772" /><trkpt lat="39.744515" lon="19.935743" /><trkpt lat="39.744479" lon="19.935684" /><trkpt lat="39.744446" lon="19.935575" /><trkpt lat="39.744439" lon="19.935520" /><trkpt lat="39.744441" lon="19.935244" /><trkpt lat="39.744470" lon="19.934865" /><trkpt lat="39.744491" lon="19.934752" /><trkpt lat="39.744547" lon="19.934624" /><trkpt lat="39.744610" lon="19.934501" /><trkpt lat="39.744644" lon="19.934383" /><trkpt lat="39.744629" lon="19.934256" /><trkpt lat="39.744587" lon="19.934125" /><trkpt lat="39.744548" lon="19.933997" /><trkpt lat="39.744485" lon="19.933884" /><trkpt lat="39.744439" lon="19.933774" /><trkpt lat="39.744421" lon="19.933690" /><trkpt lat="39.744318" lon="19.933466" /><trkpt lat="39.743997" lon="19.932980" /><trkpt lat="39.743978" lon="19.932953" /><trkpt lat="39.743864" lon="19.933075" /><trkpt lat="39.743864" lon="19.933075" /><trkpt lat="39.743978" lon="19.932953" /><trkpt lat="39.743800" lon="19.932671" /><trkpt lat="39.743740" lon="19.932615" /><trkpt lat="39.743666" lon="19.932590" /><trkpt lat="39.743540" lon="19.932582" /><trkpt lat="39.743417" lon="19.932496" /><trkpt lat="39.743383" lon="19.932459" /><trkpt lat="39.743289" lon="19.932420" /><trkpt lat="39.743090" lon="19.932355" /><trkpt lat="39.742745" lon="19.932288" /><trkpt lat="39.742676" lon="19.932380" /><trkpt lat="39.742544" lon="19.932652" /><trkpt lat="39.742475" lon="19.932772" /><trkpt lat="39.742366" lon="19.932857" /><trkpt lat="39.741993" lon="19.933085" /><trkpt lat="39.741884" lon="19.933090" /><trkpt lat="39.741567" lon="19.933054" /><trkpt lat="39.741511" lon="19.933033" /><trkpt lat="39.741129" lon="19.932669" /><trkpt lat="39.741098" lon="19.932641" /><trkpt lat="39.741024" lon="19.932573" /><trkpt lat="39.740883" lon="19.932470" /><trkpt lat="39.740553" lon="19.932314" /><trkpt lat="39.740363" lon="19.932284" /><trkpt lat="39.740324" lon="19.932266" /><trkpt lat="39.740297" lon="19.932226" /><trkpt lat="39.740281" lon="19.932178" /><trkpt lat="39.740299" lon="19.932074" /><trkpt lat="39.740543" lon="19.931793" /><trkpt lat="39.740677" lon="19.931459" /><trkpt lat="39.740688" lon="19.931400" /><trkpt lat="39.740646" lon="19.931221" /><trkpt lat="39.740636" lon="19.931098" /><trkpt lat="39.740634" lon="19.930974" /><trkpt lat="39.740666" lon="19.930873" /><trkpt lat="39.740707" lon="19.930783" /><trkpt lat="39.740792" lon="19.930519" /><trkpt lat="39.740819" lon="19.930466" /><trkpt lat="39.740872" lon="19.930451" /><trkpt lat="39.740937" lon="19.930450" /><trkpt lat="39.740995" lon="19.930381" /><trkpt lat="39.741027" lon="19.930273" /><trkpt lat="39.741058" lon="19.930089" /><trkpt lat="39.741064" lon="19.929981" /><trkpt lat="39.741084" lon="19.929874" /><trkpt lat="39.741160" lon="19.929659" /><trkpt lat="39.741374" lon="19.929165" /><trkpt lat="39.741383" lon="19.928986" /><trkpt lat="39.741383" lon="19.928818" /><trkpt lat="39.741360" lon="19.928527" /><trkpt lat="39.741330" lon="19.928454" /><trkpt lat="39.741278" lon="19.928419" /><trkpt lat="39.741189" lon="19.928413" /><trkpt lat="39.740817" lon="19.928474" /><trkpt lat="39.740742" lon="19.928466" /><trkpt lat="39.740495" lon="19.928362" /><trkpt lat="39.740355" lon="19.928161" /><trkpt lat="39.740169" lon="19.927931" /><trkpt lat="39.740131" lon="19.927933" /><trkpt lat="39.740101" lon="19.927950" /><trkpt lat="39.740004" lon="19.928098" /><trkpt lat="39.739827" lon="19.928462" /><trkpt lat="39.739646" lon="19.928885" /><trkpt lat="39.739522" lon="19.929321" /><trkpt lat="39.739320" lon="19.929703" /><trkpt lat="39.739230" lon="19.929693" /><trkpt lat="39.739067" lon="19.929826" /><trkpt lat="39.738940" lon="19.929873" /><trkpt lat="39.738715" lon="19.929883" /><trkpt lat="39.738585" lon="19.929826" /><trkpt lat="39.738458" lon="19.929670" /><trkpt lat="39.738283" lon="19.929397" /><trkpt lat="39.738155" lon="19.929212" /><trkpt lat="39.738112" lon="19.929151" /><trkpt lat="39.738095" lon="19.928872" /><trkpt lat="39.738112" lon="19.928842" /><trkpt lat="39.738160" lon="19.928817" /><trkpt lat="39.738191" lon="19.928839" /><trkpt lat="39.738227" lon="19.928925" /><trkpt lat="39.738313" lon="19.929026" /><trkpt lat="39.738391" lon="19.929067" /><trkpt lat="39.738434" lon="19.929053" /><trkpt lat="39.738442" lon="19.929006" /><trkpt lat="39.738421" lon="19.928757" /><trkpt lat="39.738446" lon="19.928727" /><trkpt lat="39.738751" lon="19.928597" /><trkpt lat="39.738774" lon="19.928574" /><trkpt lat="39.738794" lon="19.928532" /><trkpt lat="39.738812" lon="19.928466" /><trkpt lat="39.739005" lon="19.928305" /><trkpt lat="39.739268" lon="19.927833" /><trkpt lat="39.739642" lon="19.927339" /><trkpt lat="39.739675" lon="19.927314" /><trkpt lat="39.739646" lon="19.927206" /><trkpt lat="39.739644" lon="19.927124" /><trkpt lat="39.739588" lon="19.927106" /><trkpt lat="39.739533" lon="19.927112" /><trkpt lat="39.739457" lon="19.927076" /><trkpt lat="39.739406" lon="19.927043" /><trkpt lat="39.739507" lon="19.926753" /><trkpt lat="39.739514" lon="19.926501" /><trkpt lat="39.739506" lon="19.926263" /><trkpt lat="39.739454" lon="19.926011" /><trkpt lat="39.739268" lon="19.925815" /><trkpt lat="39.739238" lon="19.925893" /><trkpt lat="39.739204" lon="19.925947" /><trkpt lat="39.739067" lon="19.925988" /><trkpt lat="39.738922" lon="19.926005" /><trkpt lat="39.738963" lon="19.926188" /><trkpt lat="39.738970" lon="19.926286" /><trkpt lat="39.738945" lon="19.926499" /><trkpt lat="39.738904" lon="19.926640" /><trkpt lat="39.738869" lon="19.926718" /><trkpt lat="39.738812" lon="19.926763" /><trkpt lat="39.738677" lon="19.926769" /><trkpt lat="39.738150" lon="19.926899" /><trkpt lat="39.737942" lon="19.926853" /><trkpt lat="39.737780" lon="19.926940" /><trkpt lat="39.737670" lon="19.926939" /><trkpt lat="39.737569" lon="19.926899" /><trkpt lat="39.737507" lon="19.926892" /><trkpt lat="39.737455" lon="19.926927" /><trkpt lat="39.737390" lon="19.926992" /><trkpt lat="39.737206" lon="19.927099" /><trkpt lat="39.737129" lon="19.927244" /><trkpt lat="39.737079" lon="19.927456" /><trkpt lat="39.736995" lon="19.927684" /><trkpt lat="39.736946" lon="19.927727" /><trkpt lat="39.736785" lon="19.927780" /><trkpt lat="39.736719" lon="19.927809" /><trkpt lat="39.736660" lon="19.927851" /><trkpt lat="39.736617" lon="19.927930" /><trkpt lat="39.736514" lon="19.928204" /><trkpt lat="39.736378" lon="19.928535" /><trkpt lat="39.736332" lon="19.928748" /><trkpt lat="39.736332" lon="19.928748" /><trkpt lat="39.736378" lon="19.928535" /><trkpt lat="39.736514" lon="19.928204" /><trkpt lat="39.736617" lon="19.927930" /><trkpt lat="39.736660" lon="19.927851" /><trkpt lat="39.736719" lon="19.927809" /><trkpt lat="39.736785" lon="19.927780" /><trkpt lat="39.736946" lon="19.927727" /><trkpt lat="39.736995" lon="19.927684" /><trkpt lat="39.737079" lon="19.927456" /><trkpt lat="39.737129" lon="19.927244" /><trkpt lat="39.737206" lon="19.927099" /><trkpt lat="39.737220" lon="19.927000" /><trkpt lat="39.737186" lon="19.926892" /><trkpt lat="39.736994" lon="19.926817" /><trkpt lat="39.736969" lon="19.926764" /><trkpt lat="39.736963" lon="19.926701" /><trkpt lat="39.737041" lon="19.926488" /><trkpt lat="39.737098" lon="19.926263" /><trkpt lat="39.737116" lon="19.926057" /><trkpt lat="39.737090" lon="19.925867" /><trkpt lat="39.737054" lon="19.925791" /><trkpt lat="39.736987" lon="19.925741" /><trkpt lat="39.736930" lon="19.925770" /><trkpt lat="39.736891" lon="19.925838" /><trkpt lat="39.736747" lon="19.926149" /><trkpt lat="39.736474" lon="19.926402" /><trkpt lat="39.736150" lon="19.926686" /><trkpt lat="39.735878" lon="19.927028" /><trkpt lat="39.735666" lon="19.927379" /><trkpt lat="39.735484" lon="19.927769" /><trkpt lat="39.735358" lon="19.928123" /><trkpt lat="39.735153" lon="19.928464" /><trkpt lat="39.735009" lon="19.928582" /><trkpt lat="39.734906" lon="19.928656" /><trkpt lat="39.734800" lon="19.928680" /><trkpt lat="39.734755" lon="19.928681" /><trkpt lat="39.734482" lon="19.928577" /><trkpt lat="39.734298" lon="19.928461" /><trkpt lat="39.734167" lon="19.928295" /><trkpt lat="39.734081" lon="19.928146" /><trkpt lat="39.734059" lon="19.928072" /><trkpt lat="39.734052" lon="19.927887" /><trkpt lat="39.734023" lon="19.927787" /><trkpt lat="39.733940" lon="19.927637" /><trkpt lat="39.733722" lon="19.927188" /><trkpt lat="39.733676" lon="19.927088" /><trkpt lat="39.733607" lon="19.926909" /><trkpt lat="39.733565" lon="19.926714" /><trkpt lat="39.733540" lon="19.926564" /><trkpt lat="39.733523" lon="19.926409" /><trkpt lat="39.733503" lon="19.926062" /><trkpt lat="39.733511" lon="19.925709" /><trkpt lat="39.733533" lon="19.925527" /><trkpt lat="39.733503" lon="19.925431" /><trkpt lat="39.733499" lon="19.925312" /><trkpt lat="39.733521" lon="19.925056" /><trkpt lat="39.733502" lon="19.924610" /><trkpt lat="39.733509" lon="19.924410" /><trkpt lat="39.733500" lon="19.924375" /><trkpt lat="39.733458" lon="19.924382" /><trkpt lat="39.733269" lon="19.924777" /><trkpt lat="39.733168" lon="19.925135" /><trkpt lat="39.733103" lon="19.925089" /><trkpt lat="39.733118" lon="19.924803" /><trkpt lat="39.733060" lon="19.924774" /><trkpt lat="39.733069" lon="19.924412" /><trkpt lat="39.733093" lon="19.924235" /><trkpt lat="39.732974" lon="19.924026" /><trkpt lat="39.732986" lon="19.923835" /><trkpt lat="39.732940" lon="19.923692" /><trkpt lat="39.732480" lon="19.923288" /><trkpt lat="39.731934" lon="19.922842" /><trkpt lat="39.731669" lon="19.922447" /><trkpt lat="39.731535" lon="19.922251" /><trkpt lat="39.731481" lon="19.922074" /><trkpt lat="39.731470" lon="19.921792" /><trkpt lat="39.731424" lon="19.921457" /><trkpt lat="39.731438" lon="19.921395" /><trkpt lat="39.731464" lon="19.921361" /><trkpt lat="39.731456" lon="19.920977" /><trkpt lat="39.731417" lon="19.920979" /><trkpt lat="39.731324" lon="19.920984" /><trkpt lat="39.731241" lon="19.920726" /><trkpt lat="39.731225" lon="19.920675" /><trkpt lat="39.731215" lon="19.920677" /><trkpt lat="39.731119" lon="19.920700" /><trkpt lat="39.731100" lon="19.920698" /><trkpt lat="39.731083" lon="19.920681" /><trkpt lat="39.731081" lon="19.920573" /><trkpt lat="39.731015" lon="19.920506" /><trkpt lat="39.730936" lon="19.920375" /><trkpt lat="39.730878" lon="19.920200" /><trkpt lat="39.730853" lon="19.920144" /><trkpt lat="39.730702" lon="19.919703" /><trkpt lat="39.730623" lon="19.919645" /><trkpt lat="39.729956" lon="19.918128" /><trkpt lat="39.729604" lon="19.917617" /><trkpt lat="39.729544" lon="19.917547" /><trkpt lat="39.729578" lon="19.917510" /><trkpt lat="39.729485" lon="19.917495" /><trkpt lat="39.729399" lon="19.917405" /><trkpt lat="39.729319" lon="19.917345" /><trkpt lat="39.729248" lon="19.917292" /><trkpt lat="39.729064" lon="19.917104" /><trkpt lat="39.728998" lon="19.917008" /><trkpt lat="39.728949" lon="19.916899" /><trkpt lat="39.728875" lon="19.916791" /><trkpt lat="39.728705" lon="19.916506" /><trkpt lat="39.728664" lon="19.916349" /><trkpt lat="39.728658" lon="19.916158" /><trkpt lat="39.728666" lon="19.916000" /><trkpt lat="39.728661" lon="19.915882" /><trkpt lat="39.728638" lon="19.915748" /><trkpt lat="39.728636" lon="19.915516" /><trkpt lat="39.728688" lon="19.915316" /><trkpt lat="39.728723" lon="19.915205" /><trkpt lat="39.728691" lon="19.915092" /><trkpt lat="39.728699" lon="19.914996" /><trkpt lat="39.728753" lon="19.914867" /><trkpt lat="39.728752" lon="19.914786" /><trkpt lat="39.728664" lon="19.914575" /><trkpt lat="39.728584" lon="19.914512" /><trkpt lat="39.728418" lon="19.914234" /><trkpt lat="39.728423" lon="19.914182" /><trkpt lat="39.728843" lon="19.913636" /><trkpt lat="39.729026" lon="19.913432" /><trkpt lat="39.729065" lon="19.913345" /><trkpt lat="39.729161" lon="19.912940" /><trkpt lat="39.729353" lon="19.912581" /><trkpt lat="39.729526" lon="19.911975" /><trkpt lat="39.729612" lon="19.911600" /><trkpt lat="39.729668" lon="19.911502" /><trkpt lat="39.729729" lon="19.911458" /><trkpt lat="39.729828" lon="19.911466" /><trkpt lat="39.730114" lon="19.911593" /><trkpt lat="39.730382" lon="19.911738" /><trkpt lat="39.730466" lon="19.911767" /><trkpt lat="39.730498" lon="19.911750" /><trkpt lat="39.730506" lon="19.911681" /><trkpt lat="39.730465" lon="19.911582" /><trkpt lat="39.730480" lon="19.911448" /><trkpt lat="39.730668" lon="19.910991" /><trkpt lat="39.730654" lon="19.910921" /><trkpt lat="39.730616" lon="19.910862" /><trkpt lat="39.730562" lon="19.910828" /><trkpt lat="39.730495" lon="19.910820" /><trkpt lat="39.730360" lon="19.910822" /><trkpt lat="39.729855" lon="19.910843" /><trkpt lat="39.729684" lon="19.910857" /><trkpt lat="39.729352" lon="19.910915" /><trkpt lat="39.728891" lon="19.911045" /><trkpt lat="39.728815" lon="19.911067" /><trkpt lat="39.728630" lon="19.911131" /><trkpt lat="39.728408" lon="19.911188" /><trkpt lat="39.728343" lon="19.911174" /><trkpt lat="39.728311" lon="19.911151" /><trkpt lat="39.728282" lon="19.911114" /><trkpt lat="39.728254" lon="19.911054" /><trkpt lat="39.728233" lon="19.910987" /><trkpt lat="39.728186" lon="19.910848" /><trkpt lat="39.728131" lon="19.910643" /><trkpt lat="39.728125" lon="19.910570" /><trkpt lat="39.728127" lon="19.910490" /><trkpt lat="39.728159" lon="19.910271" /><trkpt lat="39.728232" lon="19.909905" /><trkpt lat="39.728288" lon="19.909556" /><trkpt lat="39.728293" lon="19.909390" /><trkpt lat="39.728270" lon="19.909225" /><trkpt lat="39.728197" lon="19.908979" /><trkpt lat="39.728113" lon="19.908543" /><trkpt lat="39.728105" lon="19.908435" /><trkpt lat="39.728124" lon="19.908184" /><trkpt lat="39.728145" lon="19.908019" /><trkpt lat="39.728150" lon="19.907915" /><trkpt lat="39.728152" lon="19.907869" /><trkpt lat="39.728139" lon="19.907755" /><trkpt lat="39.728122" lon="19.907669" /><trkpt lat="39.728015" lon="19.907399" /><trkpt lat="39.727903" lon="19.907143" /><trkpt lat="39.727779" lon="19.906889" /><trkpt lat="39.727365" lon="19.906177" /><trkpt lat="39.727081" lon="19.905743" /><trkpt lat="39.726830" lon="19.905250" /><trkpt lat="39.726806" lon="19.905175" /><trkpt lat="39.726788" lon="19.905087" /><trkpt lat="39.726809" lon="19.904953" /><trkpt lat="39.726847" lon="19.904885" /><trkpt lat="39.726898" lon="19.904825" /><trkpt lat="39.726958" lon="19.904789" /><trkpt lat="39.727464" lon="19.904631" /><trkpt lat="39.727616" lon="19.904559" /><trkpt lat="39.727682" lon="19.904508" /><trkpt lat="39.727725" lon="19.904457" /><trkpt lat="39.727746" lon="19.904424" /><trkpt lat="39.727764" lon="19.904374" /><trkpt lat="39.727768" lon="19.904321" /><trkpt lat="39.727764" lon="19.904268" /><trkpt lat="39.727677" lon="19.904016" /><trkpt lat="39.727548" lon="19.903591" /><trkpt lat="39.727495" lon="19.903308" /><trkpt lat="39.727485" lon="19.903181" /><trkpt lat="39.727490" lon="19.902999" /><trkpt lat="39.727523" lon="19.902770" /><trkpt lat="39.727630" lon="19.902390" /><trkpt lat="39.727653" lon="19.902280" /><trkpt lat="39.727660" lon="19.902205" /><trkpt lat="39.727613" lon="19.902049" /><trkpt lat="39.727361" lon="19.902006" /><trkpt lat="39.726943" lon="19.901728" /><trkpt lat="39.726861" lon="19.901750" /><trkpt lat="39.726864" lon="19.901723" /><trkpt lat="39.726855" lon="19.901689" /><trkpt lat="39.726832" lon="19.901651" /><trkpt lat="39.726781" lon="19.901595" /><trkpt lat="39.726414" lon="19.901336" /><trkpt lat="39.726402" lon="19.901301" /><trkpt lat="39.726404" lon="19.901258" /><trkpt lat="39.726424" lon="19.901215" /><trkpt lat="39.726516" lon="19.901184" /><trkpt lat="39.726576" lon="19.901186" /><trkpt lat="39.726669" lon="19.901226" /><trkpt lat="39.726700" lon="19.901221" /><trkpt lat="39.726714" lon="19.901204" /><trkpt lat="39.726732" lon="19.901142" /><trkpt lat="39.726406" lon="19.901047" /><trkpt lat="39.726181" lon="19.901002" /><trkpt lat="39.726061" lon="19.900957" /><trkpt lat="39.726025" lon="19.900933" /><trkpt lat="39.725992" lon="19.900889" /><trkpt lat="39.725971" lon="19.900836" /><trkpt lat="39.725953" lon="19.900762" /><trkpt lat="39.725949" lon="19.900675" /><trkpt lat="39.725968" lon="19.900589" /><trkpt lat="39.726001" lon="19.900508" /><trkpt lat="39.726047" lon="19.900435" /><trkpt lat="39.726428" lon="19.900297" /><trkpt lat="39.726428" lon="19.900297" /><trkpt lat="39.726047" lon="19.900435" /><trkpt lat="39.726475" lon="19.900071" /><trkpt lat="39.726657" lon="19.899875" /><trkpt lat="39.726778" lon="19.899691" /><trkpt lat="39.726830" lon="19.899589" /><trkpt lat="39.726918" lon="19.899359" /><trkpt lat="39.726930" lon="19.899309" /><trkpt lat="39.726953" lon="19.899216" /><trkpt lat="39.727088" lon="19.898214" /><trkpt lat="39.727094" lon="19.898124" /><trkpt lat="39.727092" lon="19.898018" /><trkpt lat="39.727083" lon="19.897953" /><trkpt lat="39.727060" lon="19.897886" /><trkpt lat="39.727043" lon="19.897857" /><trkpt lat="39.727008" lon="19.897799" /><trkpt lat="39.726900" lon="19.897698" /><trkpt lat="39.726639" lon="19.897486" /><trkpt lat="39.726496" lon="19.897384" /><trkpt lat="39.726157" lon="19.897195" /><trkpt lat="39.725980" lon="19.897110" /><trkpt lat="39.725913" lon="19.897064" /><trkpt lat="39.725843" lon="19.896985" /><trkpt lat="39.725762" lon="19.896845" /><trkpt lat="39.725730" lon="19.896740" /><trkpt lat="39.725709" lon="19.896633" /><trkpt lat="39.725676" lon="19.896247" /><trkpt lat="39.725671" lon="19.896188" /><trkpt lat="39.725637" lon="19.896011" /><trkpt lat="39.725585" lon="19.895888" /><trkpt lat="39.725420" lon="19.895666" /><trkpt lat="39.725306" lon="19.895525" /><trkpt lat="39.725299" lon="19.895503" /><trkpt lat="39.725249" lon="19.895357" /><trkpt lat="39.725225" lon="19.895075" /><trkpt lat="39.725206" lon="19.894856" /><trkpt lat="39.725212" lon="19.894128" /><trkpt lat="39.725227" lon="19.893784" /><trkpt lat="39.725279" lon="19.893502" /><trkpt lat="39.725337" lon="19.893266" /><trkpt lat="39.725503" lon="19.892957" /><trkpt lat="39.725553" lon="19.892851" /><trkpt lat="39.725561" lon="19.892745" /><trkpt lat="39.725539" lon="19.892575" /><trkpt lat="39.725491" lon="19.892471" /><trkpt lat="39.725380" lon="19.892373" /><trkpt lat="39.725243" lon="19.892328" /><trkpt lat="39.724926" lon="19.892288" /><trkpt lat="39.724710" lon="19.892282" /><trkpt lat="39.724518" lon="19.892294" /><trkpt lat="39.724301" lon="19.892280" /><trkpt lat="39.724211" lon="19.892232" /><trkpt lat="39.724112" lon="19.892166" /><trkpt lat="39.724039" lon="19.892072" /><trkpt lat="39.723991" lon="19.891961" /><trkpt lat="39.723964" lon="19.891840" /><trkpt lat="39.723953" lon="19.891653" /><trkpt lat="39.723963" lon="19.891461" /><trkpt lat="39.723991" lon="19.891288" /><trkpt lat="39.724051" lon="19.891125" /><trkpt lat="39.724563" lon="19.889848" /><trkpt lat="39.724624" lon="19.889658" /><trkpt lat="39.724658" lon="19.889481" /><trkpt lat="39.724668" lon="19.889255" /><trkpt lat="39.724632" lon="19.889080" /><trkpt lat="39.724625" lon="19.889067" /><trkpt lat="39.724500" lon="19.888831" /><trkpt lat="39.724200" lon="19.888301" /><trkpt lat="39.724108" lon="19.888121" /><trkpt lat="39.724038" lon="19.887924" /><trkpt lat="39.723993" lon="19.887741" /><trkpt lat="39.723951" lon="19.887433" /><trkpt lat="39.723938" lon="19.887176" /><trkpt lat="39.723947" lon="19.886928" /><trkpt lat="39.723989" lon="19.886471" /><trkpt lat="39.724083" lon="19.885784" /><trkpt lat="39.724093" lon="19.885741" /><trkpt lat="39.724124" lon="19.885536" /><trkpt lat="39.724274" lon="19.885039" /><trkpt lat="39.724373" lon="19.884741" /><trkpt lat="39.724424" lon="19.884526" /><trkpt lat="39.724442" lon="19.884371" /><trkpt lat="39.724434" lon="19.884248" /><trkpt lat="39.724400" lon="19.884113" /><trkpt lat="39.724348" lon="19.883973" /><trkpt lat="39.724216" lon="19.883818" /><trkpt lat="39.724187" lon="19.883783" /><trkpt lat="39.723853" lon="19.883478" /><trkpt lat="39.723656" lon="19.883244" /><trkpt lat="39.723542" lon="19.883072" /><trkpt lat="39.723403" lon="19.882741" /><trkpt lat="39.723266" lon="19.882323" /><trkpt lat="39.723143" lon="19.881829" /><trkpt lat="39.723057" lon="19.881420" /><trkpt lat="39.722941" lon="19.880823" /><trkpt lat="39.722751" lon="19.879866" /><trkpt lat="39.722713" lon="19.879699" /><trkpt lat="39.722595" lon="19.879388" /><trkpt lat="39.722514" lon="19.879251" /><trkpt lat="39.722479" lon="19.879177" /><trkpt lat="39.722239" lon="19.878534" /><trkpt lat="39.722123" lon="19.878205" /><trkpt lat="39.722070" lon="19.878080" /><trkpt lat="39.721994" lon="19.877916" /><trkpt lat="39.721745" lon="19.877521" /><trkpt lat="39.721495" lon="19.877058" /><trkpt lat="39.721395" lon="19.876869" /><trkpt lat="39.721246" lon="19.876559" /><trkpt lat="39.721043" lon="19.876102" /><trkpt lat="39.720902" lon="19.875884" /><trkpt lat="39.720773" lon="19.875732" /><trkpt lat="39.720342" lon="19.875063" /><trkpt lat="39.720257" lon="19.874902" /><trkpt lat="39.720226" lon="19.874813" /><trkpt lat="39.720133" lon="19.874379" /><trkpt lat="39.720106" lon="19.874289" /><trkpt lat="39.719951" lon="19.873800" /><trkpt lat="39.719919" lon="19.873662" /><trkpt lat="39.719886" lon="19.873445" /><trkpt lat="39.719798" lon="19.872775" /><trkpt lat="39.719778" lon="19.872493" /><trkpt lat="39.719756" lon="19.871906" /><trkpt lat="39.719737" lon="19.871761" /><trkpt lat="39.719647" lon="19.871274" /><trkpt lat="39.719634" lon="19.871173" /><trkpt lat="39.719621" lon="19.871007" /><trkpt lat="39.719618" lon="19.870782" /><trkpt lat="39.719532" lon="19.870740" /><trkpt lat="39.719514" lon="19.870704" /><trkpt lat="39.719495" lon="19.870506" /><trkpt lat="39.719457" lon="19.870411" /><trkpt lat="39.719398" lon="19.870318" /><trkpt lat="39.719344" lon="19.870299" /><trkpt lat="39.719301" lon="19.870306" /><trkpt lat="39.719094" lon="19.870526" /><trkpt lat="39.719074" lon="19.870497" /><trkpt lat="39.718741" lon="19.870044" /><trkpt lat="39.718577" lon="19.869746" /><trkpt lat="39.718392" lon="19.869369" /><trkpt lat="39.718390" lon="19.869365" /><trkpt lat="39.718363" lon="19.869310" /><trkpt lat="39.718246" lon="19.869121" /><trkpt lat="39.718413" lon="19.868893" /><trkpt lat="39.718389" lon="19.868790" /><trkpt lat="39.718345" lon="19.868701" /><trkpt lat="39.718411" lon="19.868592" /><trkpt lat="39.718383" lon="19.868482" /><trkpt lat="39.718375" lon="19.868387" /><trkpt lat="39.718360" lon="19.868285" /><trkpt lat="39.718348" lon="19.868230" /><trkpt lat="39.718123" lon="19.867829" /><trkpt lat="39.718038" lon="19.867698" /><trkpt lat="39.718008" lon="19.867665" /><trkpt lat="39.717961" lon="19.867630" /><trkpt lat="39.717963" lon="19.867571" /><trkpt lat="39.717954" lon="19.867507" /><trkpt lat="39.717923" lon="19.867448" /><trkpt lat="39.717909" lon="19.867400" /><trkpt lat="39.717912" lon="19.867350" /><trkpt lat="39.717930" lon="19.867299" /><trkpt lat="39.718114" lon="19.867009" /><trkpt lat="39.718140" lon="19.866985" /><trkpt lat="39.718224" lon="19.866943" /><trkpt lat="39.718250" lon="19.866915" /><trkpt lat="39.718288" lon="19.866839" /><trkpt lat="39.717900" lon="19.866471" /><trkpt lat="39.717826" lon="19.866416" /><trkpt lat="39.717785" lon="19.866389" /><trkpt lat="39.717455" lon="19.866229" /><trkpt lat="39.717371" lon="19.866183" /><trkpt lat="39.717273" lon="19.866116" /><trkpt lat="39.717167" lon="19.866007" /><trkpt lat="39.717061" lon="19.865872" /><trkpt lat="39.717000" lon="19.865782" /><trkpt lat="39.716867" lon="19.865530" /><trkpt lat="39.716532" lon="19.864799" /><trkpt lat="39.716480" lon="19.864699" /><trkpt lat="39.716406" lon="19.864582" /><trkpt lat="39.716350" lon="19.864522" /><trkpt lat="39.716275" lon="19.864456" /><trkpt lat="39.716143" lon="19.864360" /><trkpt lat="39.716084" lon="19.864327" /><trkpt lat="39.715981" lon="19.864279" /><trkpt lat="39.715876" lon="19.864251" /><trkpt lat="39.715722" lon="19.864229" /><trkpt lat="39.715437" lon="19.864195" /><trkpt lat="39.715245" lon="19.864152" /><trkpt lat="39.715168" lon="19.864121" /><trkpt lat="39.714975" lon="19.864008" /><trkpt lat="39.714871" lon="19.863915" /><trkpt lat="39.714823" lon="19.863856" /><trkpt lat="39.714785" lon="19.863795" /><trkpt lat="39.714720" lon="19.863660" /><trkpt lat="39.714693" lon="19.863564" /><trkpt lat="39.714674" lon="19.863458" /><trkpt lat="39.714653" lon="19.863249" /><trkpt lat="39.714634" lon="19.863153" /><trkpt lat="39.714528" lon="19.862722" /><trkpt lat="39.714489" lon="19.862608" /><trkpt lat="39.714451" lon="19.862560" /><trkpt lat="39.714253" lon="19.862414" /><trkpt lat="39.714059" lon="19.862217" /><trkpt lat="39.713895" lon="19.861942" /><trkpt lat="39.713859" lon="19.861896" /><trkpt lat="39.713826" lon="19.861866" /><trkpt lat="39.713787" lon="19.861845" /><trkpt lat="39.713752" lon="19.861835" /><trkpt lat="39.713705" lon="19.861835" /><trkpt lat="39.713587" lon="19.861869" /><trkpt lat="39.713384" lon="19.861968" /><trkpt lat="39.713338" lon="19.861984" /><trkpt lat="39.713264" lon="19.861991" /><trkpt lat="39.713175" lon="19.861977" /><trkpt lat="39.713124" lon="19.861959" /><trkpt lat="39.713068" lon="19.861919" /><trkpt lat="39.713004" lon="19.861853" /><trkpt lat="39.712939" lon="19.861768" /><trkpt lat="39.712912" lon="19.861704" /><trkpt lat="39.712900" lon="19.861653" /><trkpt lat="39.712902" lon="19.861580" /><trkpt lat="39.712915" lon="19.861538" /><trkpt lat="39.712962" lon="19.861491" /><trkpt lat="39.713191" lon="19.861408" /><trkpt lat="39.713246" lon="19.861360" /><trkpt lat="39.713271" lon="19.861309" /><trkpt lat="39.713277" lon="19.861253" /><trkpt lat="39.713266" lon="19.861203" /><trkpt lat="39.713235" lon="19.861139" /><trkpt lat="39.713084" lon="19.860876" /><trkpt lat="39.713034" lon="19.860810" /><trkpt lat="39.712969" lon="19.860760" /><trkpt lat="39.712913" lon="19.860739" /><trkpt lat="39.712862" lon="19.860732" /><trkpt lat="39.712805" lon="19.860745" /><trkpt lat="39.712752" lon="19.860767" /><trkpt lat="39.712706" lon="19.860800" /><trkpt lat="39.712655" lon="19.860851" /><trkpt lat="39.712612" lon="19.860908" /><trkpt lat="39.712561" lon="19.860995" /><trkpt lat="39.712228" lon="19.861657" /><trkpt lat="39.712135" lon="19.861889" /><trkpt lat="39.712009" lon="19.862292" /><trkpt lat="39.711990" lon="19.862342" /><trkpt lat="39.711970" lon="19.862376" /><trkpt lat="39.711924" lon="19.862402" /><trkpt lat="39.711894" lon="19.862403" /><trkpt lat="39.711867" lon="19.862394" /><trkpt lat="39.711842" lon="19.862375" /><trkpt lat="39.711818" lon="19.862344" /><trkpt lat="39.711800" lon="19.862303" /><trkpt lat="39.711791" lon="19.862258" /><trkpt lat="39.711741" lon="19.862188" /><trkpt lat="39.711668" lon="19.861977" /><trkpt lat="39.711662" lon="19.861927" /><trkpt lat="39.711665" lon="19.861883" /><trkpt lat="39.711766" lon="19.861874" /><trkpt lat="39.711839" lon="19.861803" /><trkpt lat="39.711906" lon="19.861673" /><trkpt lat="39.712133" lon="19.861148" /><trkpt lat="39.712222" lon="19.860708" /><trkpt lat="39.712298" lon="19.860183" /><trkpt lat="39.712308" lon="19.860065" /><trkpt lat="39.712303" lon="19.859965" /><trkpt lat="39.712287" lon="19.859839" /><trkpt lat="39.712268" lon="19.859755" /><trkpt lat="39.712240" lon="19.859673" /><trkpt lat="39.712174" lon="19.859533" /><trkpt lat="39.712108" lon="19.859426" /><trkpt lat="39.712026" lon="19.859313" /><trkpt lat="39.711902" lon="19.859165" /><trkpt lat="39.711799" lon="19.859056" /><trkpt lat="39.711719" lon="19.858975" /><trkpt lat="39.711600" lon="19.858864" /><trkpt lat="39.711534" lon="19.858819" /><trkpt lat="39.711253" lon="19.858666" /><trkpt lat="39.711116" lon="19.858556" /><trkpt lat="39.710984" lon="19.858428" /><trkpt lat="39.710881" lon="19.858312" /><trkpt lat="39.710659" lon="19.858043" /><trkpt lat="39.710571" lon="19.857924" /><trkpt lat="39.710516" lon="19.857857" /><trkpt lat="39.710336" lon="19.857602" /><trkpt lat="39.710289" lon="19.857531" /><trkpt lat="39.710061" lon="19.857096" /><trkpt lat="39.709947" lon="19.856851" /><trkpt lat="39.709811" lon="19.856532" /><trkpt lat="39.709762" lon="19.856404" /><trkpt lat="39.709624" lon="19.856047" /><trkpt lat="39.709600" lon="19.855935" /><trkpt lat="39.709577" lon="19.855759" /><trkpt lat="39.709571" lon="19.855661" /><trkpt lat="39.709573" lon="19.855547" /><trkpt lat="39.709575" lon="19.855481" /><trkpt lat="39.709598" lon="19.855281" /><trkpt lat="39.709643" lon="19.855096" /><trkpt lat="39.709680" lon="19.854991" /><trkpt lat="39.709732" lon="19.854817" /><trkpt lat="39.709868" lon="19.854475" /><trkpt lat="39.709906" lon="19.854357" /><trkpt lat="39.709923" lon="19.854259" /><trkpt lat="39.709919" lon="19.854179" /><trkpt lat="39.709903" lon="19.854086" /><trkpt lat="39.709878" lon="19.854008" /><trkpt lat="39.709842" lon="19.853931" /><trkpt lat="39.709790" lon="19.853828" /><trkpt lat="39.709686" lon="19.853655" /><trkpt lat="39.709640" lon="19.853592" /><trkpt lat="39.709609" lon="19.853561" /><trkpt lat="39.709410" lon="19.853342" /><trkpt lat="39.709322" lon="19.853210" /><trkpt lat="39.709276" lon="19.853111" /><trkpt lat="39.709205" lon="19.852942" /><trkpt lat="39.709149" lon="19.852780" /><trkpt lat="39.709085" lon="19.852491" /><trkpt lat="39.709072" lon="19.852310" /><trkpt lat="39.709081" lon="19.852205" /><trkpt lat="39.709135" lon="19.852072" /><trkpt lat="39.709265" lon="19.851907" /><trkpt lat="39.709342" lon="19.851835" /><trkpt lat="39.709567" lon="19.851670" /><trkpt lat="39.709642" lon="19.851638" /><trkpt lat="39.709721" lon="19.851615" /><trkpt lat="39.709748" lon="19.851588" /><trkpt lat="39.709766" lon="19.851548" /><trkpt lat="39.709769" lon="19.851503" /><trkpt lat="39.709760" lon="19.851444" /><trkpt lat="39.709723" lon="19.851356" /><trkpt lat="39.709669" lon="19.851268" /><trkpt lat="39.709546" lon="19.851117" /><trkpt lat="39.709290" lon="19.850724" /><trkpt lat="39.708848" lon="19.849970" /><trkpt lat="39.708515" lon="19.849297" /><trkpt lat="39.708284" lon="19.848812" /><trkpt lat="39.708218" lon="19.848618" /><trkpt lat="39.708192" lon="19.848445" /><trkpt lat="39.708178" lon="19.848304" /><trkpt lat="39.708169" lon="19.847156" /><trkpt lat="39.708191" lon="19.846604" /><trkpt lat="39.708253" lon="19.846118" /><trkpt lat="39.708251" lon="19.846000" /><trkpt lat="39.708233" lon="19.845885" /><trkpt lat="39.708196" lon="19.845751" /><trkpt lat="39.708122" lon="19.845561" /><trkpt lat="39.708084" lon="19.845342" /><trkpt lat="39.708078" lon="19.845223" /><trkpt lat="39.708114" lon="19.844719" /><trkpt lat="39.708185" lon="19.844591" /><trkpt lat="39.708240" lon="19.844465" /><trkpt lat="39.708258" lon="19.844348" /><trkpt lat="39.708261" lon="19.844160" /><trkpt lat="39.708234" lon="19.843995" /><trkpt lat="39.708194" lon="19.843889" /><trkpt lat="39.708247" lon="19.843604" /><trkpt lat="39.708282" lon="19.843441" /><trkpt lat="39.708385" lon="19.843092" /><trkpt lat="39.708420" lon="19.843007" /><trkpt lat="39.708500" lon="19.842851" /><trkpt lat="39.708518" lon="19.842794" /><trkpt lat="39.708524" lon="19.842719" /><trkpt lat="39.708516" lon="19.842648" /><trkpt lat="39.708476" lon="19.842607" /><trkpt lat="39.708441" lon="19.842593" /><trkpt lat="39.708403" lon="19.842594" /><trkpt lat="39.708362" lon="19.842612" /><trkpt lat="39.708316" lon="19.842647" /><trkpt lat="39.708269" lon="19.842709" /><trkpt lat="39.708130" lon="19.842943" /><trkpt lat="39.707798" lon="19.843610" /><trkpt lat="39.707524" lon="19.844046" /><trkpt lat="39.707479" lon="19.844108" /><trkpt lat="39.707403" lon="19.844182" /><trkpt lat="39.707370" lon="19.844202" /><trkpt lat="39.707330" lon="19.844214" /><trkpt lat="39.707256" lon="19.844214" /><trkpt lat="39.707183" lon="19.844192" /><trkpt lat="39.707153" lon="19.844174" /><trkpt lat="39.706805" lon="19.843847" /><trkpt lat="39.706499" lon="19.843592" /><trkpt lat="39.706397" lon="19.843537" /><trkpt lat="39.706260" lon="19.843508" /><trkpt lat="39.706376" lon="19.842923" /><trkpt lat="39.706411" lon="19.842660" /><trkpt lat="39.706408" lon="19.842537" /><trkpt lat="39.706376" lon="19.842095" /><trkpt lat="39.706371" lon="19.841920" /><trkpt lat="39.706373" lon="19.841774" /><trkpt lat="39.706393" lon="19.841615" /><trkpt lat="39.706418" lon="19.841514" /><trkpt lat="39.706476" lon="19.841320" /><trkpt lat="39.706506" lon="19.841141" /><trkpt lat="39.706563" lon="19.840356" /><trkpt lat="39.706591" lon="19.840064" /><trkpt lat="39.706616" lon="19.839911" /><trkpt lat="39.706688" lon="19.839554" /><trkpt lat="39.706740" lon="19.839233" /><trkpt lat="39.706763" lon="19.839064" /><trkpt lat="39.706775" lon="19.838929" /><trkpt lat="39.706774" lon="19.838872" /><trkpt lat="39.706835" lon="19.838821" /><trkpt lat="39.706881" lon="19.838767" /><trkpt lat="39.706957" lon="19.838633" /><trkpt lat="39.707028" lon="19.838531" /><trkpt lat="39.707055" lon="19.838506" /><trkpt lat="39.707202" lon="19.838468" /><trkpt lat="39.707232" lon="19.838445" /><trkpt lat="39.707334" lon="19.838281" /><trkpt lat="39.707373" lon="19.838179" /><trkpt lat="39.707459" lon="19.837860" /><trkpt lat="39.707586" lon="19.837695" /><trkpt lat="39.707601" lon="19.837663" /><trkpt lat="39.707662" lon="19.837348" /><trkpt lat="39.707745" lon="19.836822" /><trkpt lat="39.707743" lon="19.836778" /><trkpt lat="39.707732" lon="19.836725" /><trkpt lat="39.707570" lon="19.836217" /><trkpt lat="39.707530" lon="19.836029" /><trkpt lat="39.707508" lon="19.835813" /><trkpt lat="39.707490" lon="19.835763" /><trkpt lat="39.707470" lon="19.835740" /><trkpt lat="39.707324" lon="19.835682" /><trkpt lat="39.707304" lon="19.835651" /><trkpt lat="39.707281" lon="19.835549" /><trkpt lat="39.707265" lon="19.835396" /><trkpt lat="39.707255" lon="19.835229" /><trkpt lat="39.707290" lon="19.835047" /><trkpt lat="39.707257" lon="19.834748" /><trkpt lat="39.707193" lon="19.834515" /><trkpt lat="39.707182" lon="19.834429" /><trkpt lat="39.707179" lon="19.834365" /><trkpt lat="39.707187" lon="19.834241" /><trkpt lat="39.707170" lon="19.833954" /><trkpt lat="39.707182" lon="19.833845" /><trkpt lat="39.707212" lon="19.833839" /><trkpt lat="39.707231" lon="19.833820" /><trkpt lat="39.707411" lon="19.833526" /><trkpt lat="39.707726" lon="19.832770" /><trkpt lat="39.707793" lon="19.832577" /><trkpt lat="39.707801" lon="19.832530" /><trkpt lat="39.707829" lon="19.831951" /><trkpt lat="39.707819" lon="19.831878" /><trkpt lat="39.707801" lon="19.831836" /><trkpt lat="39.707734" lon="19.831719" /><trkpt lat="39.707724" lon="19.831663" /><trkpt lat="39.707721" lon="19.831491" /><trkpt lat="39.707802" lon="19.831379" /><trkpt lat="39.707955" lon="19.830676" /><trkpt lat="39.707987" lon="19.830401" /><trkpt lat="39.708028" lon="19.830318" /><trkpt lat="39.708070" lon="19.829449" /><trkpt lat="39.708101" lon="19.829211" /><trkpt lat="39.708237" lon="19.828624" /><trkpt lat="39.708318" lon="19.828372" /><trkpt lat="39.708523" lon="19.827876" /><trkpt lat="39.708560" lon="19.827613" /><trkpt lat="39.708560" lon="19.827569" /><trkpt lat="39.708550" lon="19.827524" /><trkpt lat="39.708424" lon="19.827305" /><trkpt lat="39.708377" lon="19.827257" /><trkpt lat="39.708229" lon="19.827139" /><trkpt lat="39.708151" lon="19.827044" /><trkpt lat="39.708056" lon="19.826944" /><trkpt lat="39.708012" lon="19.826745" /><trkpt lat="39.708034" lon="19.826729" /><trkpt lat="39.707789" lon="19.826035" /><trkpt lat="39.707632" lon="19.825359" /><trkpt lat="39.707228" lon="19.825467" /><trkpt lat="39.706947" lon="19.825048" /><trkpt lat="39.706848" lon="19.824104" /><trkpt lat="39.706568" lon="19.823256" /><trkpt lat="39.706435" lon="19.822709" /><trkpt lat="39.706551" lon="19.822463" /><trkpt lat="39.706799" lon="19.822173" /><trkpt lat="39.706955" lon="19.821615" /><trkpt lat="39.707145" lon="19.820413" /><trkpt lat="39.706691" lon="19.817677" /><trkpt lat="39.706270" lon="19.817087" /><trkpt lat="39.706006" lon="19.816733" /><trkpt lat="39.706114" lon="19.816025" /><trkpt lat="39.706229" lon="19.815467" /><trkpt lat="39.706155" lon="19.814942" /><trkpt lat="39.706353" lon="19.814373" /><trkpt lat="39.706502" lon="19.812817" /><trkpt lat="39.706452" lon="19.812141" /><trkpt lat="39.706163" lon="19.811820" /><trkpt lat="39.706039" lon="19.811326" /><trkpt lat="39.706155" lon="19.810972" /><trkpt lat="39.706171" lon="19.810210" /><trkpt lat="39.705858" lon="19.809212" /><trkpt lat="39.705800" lon="19.808676" /><trkpt lat="39.706122" lon="19.807625" /><trkpt lat="39.706378" lon="19.807056" /><trkpt lat="39.706662" lon="19.807009" /><trkpt lat="39.706859" lon="19.807071" /><trkpt lat="39.707016" lon="19.807156" /><trkpt lat="39.707068" lon="19.807010" /><trkpt lat="39.707115" lon="19.806830" /><trkpt lat="39.707253" lon="19.806194" /><trkpt lat="39.707306" lon="19.806040" /><trkpt lat="39.707392" lon="19.805842" /><trkpt lat="39.707906" lon="19.804809" /><trkpt lat="39.707947" lon="19.804692" /><trkpt lat="39.707960" lon="19.804589" /><trkpt lat="39.707953" lon="19.804469" /><trkpt lat="39.707933" lon="19.804358" /><trkpt lat="39.707814" lon="19.803954" /><trkpt lat="39.707772" lon="19.803696" /><trkpt lat="39.707762" lon="19.803559" /><trkpt lat="39.707762" lon="19.803353" /><trkpt lat="39.707782" lon="19.803122" /><trkpt lat="39.707814" lon="19.802916" /><trkpt lat="39.707983" lon="19.802274" /><trkpt lat="39.707993" lon="19.802212" /><trkpt lat="39.708000" lon="19.802105" /><trkpt lat="39.707994" lon="19.801991" /><trkpt lat="39.707970" lon="19.801786" /><trkpt lat="39.707927" lon="19.801302" /><trkpt lat="39.707919" lon="19.801030" /><trkpt lat="39.707929" lon="19.800947" /><trkpt lat="39.707957" lon="19.800866" /><trkpt lat="39.708244" lon="19.800375" /><trkpt lat="39.708310" lon="19.800212" /><trkpt lat="39.708501" lon="19.799508" /><trkpt lat="39.708759" lon="19.798461" /><trkpt lat="39.708805" lon="19.798246" /><trkpt lat="39.708818" lon="19.798135" /><trkpt lat="39.708798" lon="19.797972" /><trkpt lat="39.708772" lon="19.797877" /><trkpt lat="39.708713" lon="19.797706" /><trkpt lat="39.708627" lon="19.797525" /><trkpt lat="39.708541" lon="19.797371" /><trkpt lat="39.708439" lon="19.797254" /><trkpt lat="39.708319" lon="19.797133" /><trkpt lat="39.707644" lon="19.796337" /><trkpt lat="39.707579" lon="19.796278" /><trkpt lat="39.707205" lon="19.796099" /><trkpt lat="39.707172" lon="19.796064" /><trkpt lat="39.707080" lon="19.795880" /><trkpt lat="39.706852" lon="19.795408" /><trkpt lat="39.706726" lon="19.795145" /><trkpt lat="39.706545" lon="19.794818" /><trkpt lat="39.706475" lon="19.794704" /><trkpt lat="39.706312" lon="19.794507" /><trkpt lat="39.706231" lon="19.794381" /><trkpt lat="39.706231" lon="19.794380" /><trkpt lat="39.706038" lon="19.794079" /><trkpt lat="39.706012" lon="19.794055" /><trkpt lat="39.705922" lon="19.794033" /><trkpt lat="39.705891" lon="19.794012" /><trkpt lat="39.705815" lon="19.793909" /><trkpt lat="39.705551" lon="19.793498" /><trkpt lat="39.705376" lon="19.793241" /><trkpt lat="39.705309" lon="19.793103" /><trkpt lat="39.705220" lon="19.792891" /><trkpt lat="39.705048" lon="19.792377" /><trkpt lat="39.705025" lon="19.792288" /><trkpt lat="39.705015" lon="19.791951" /><trkpt lat="39.704994" lon="19.791847" /><trkpt lat="39.704957" lon="19.791753" /><trkpt lat="39.704670" lon="19.791292" /><trkpt lat="39.704423" lon="19.790895" /><trkpt lat="39.704387" lon="19.790918" /><trkpt lat="39.704346" lon="19.790930" /><trkpt lat="39.704303" lon="19.790918" /><trkpt lat="39.704269" lon="19.790891" /><trkpt lat="39.704216" lon="19.790781" /><trkpt lat="39.704176" lon="19.790637" /><trkpt lat="39.704152" lon="19.790504" /><trkpt lat="39.704132" lon="19.790437" /><trkpt lat="39.704114" lon="19.790418" /><trkpt lat="39.704063" lon="19.790419" /><trkpt lat="39.704040" lon="19.790442" /><trkpt lat="39.704022" lon="19.790496" /><trkpt lat="39.704013" lon="19.790712" /><trkpt lat="39.704002" lon="19.790838" /><trkpt lat="39.703984" lon="19.790896" /><trkpt lat="39.703956" lon="19.790931" /><trkpt lat="39.703929" lon="19.790943" /><trkpt lat="39.703898" lon="19.790943" /><trkpt lat="39.703863" lon="19.790918" /><trkpt lat="39.703695" lon="19.790767" /><trkpt lat="39.703443" lon="19.790580" /><trkpt lat="39.703371" lon="19.790534" /><trkpt lat="39.703128" lon="19.790432" /><trkpt lat="39.702988" lon="19.790402" /><trkpt lat="39.702904" lon="19.790409" /><trkpt lat="39.702844" lon="19.790428" /><trkpt lat="39.702777" lon="19.790474" /><trkpt lat="39.702705" lon="19.790538" /><trkpt lat="39.702645" lon="19.790607" /><trkpt lat="39.702177" lon="19.790500" /><trkpt lat="39.702108" lon="19.790470" /><trkpt lat="39.702045" lon="19.790413" /><trkpt lat="39.701879" lon="19.790186" /><trkpt lat="39.701843" lon="19.790146" /><trkpt lat="39.701786" lon="19.790142" /><trkpt lat="39.701612" lon="19.790214" /><trkpt lat="39.701359" lon="19.790364" /><trkpt lat="39.701307" lon="19.790368" /><trkpt lat="39.701255" lon="19.790354" /><trkpt lat="39.701099" lon="19.790157" /><trkpt lat="39.701023" lon="19.790078" /><trkpt lat="39.700810" lon="19.789953" /><trkpt lat="39.700429" lon="19.789765" /><trkpt lat="39.700337" lon="19.789685" /><trkpt lat="39.700099" lon="19.789410" /><trkpt lat="39.700043" lon="19.789367" /><trkpt lat="39.699965" lon="19.789353" /><trkpt lat="39.699842" lon="19.789364" /><trkpt lat="39.699465" lon="19.789456" /><trkpt lat="39.699342" lon="19.789458" /><trkpt lat="39.699251" lon="19.789409" /><trkpt lat="39.699196" lon="19.789338" /><trkpt lat="39.698997" lon="19.788875" /><trkpt lat="39.698933" lon="19.788800" /><trkpt lat="39.698677" lon="19.788591" /><trkpt lat="39.698600" lon="19.788556" /><trkpt lat="39.698519" lon="19.788539" /><trkpt lat="39.698222" lon="19.788531" /><trkpt lat="39.698136" lon="19.788509" /><trkpt lat="39.697993" lon="19.788445" /><trkpt lat="39.697877" lon="19.788338" /><trkpt lat="39.697883" lon="19.788036" /><trkpt lat="39.697863" lon="19.787973" /><trkpt lat="39.697646" lon="19.787699" /><trkpt lat="39.697740" lon="19.787611" /><trkpt lat="39.697822" lon="19.787511" /><trkpt lat="39.697913" lon="19.787372" /><trkpt lat="39.697975" lon="19.787179" /><trkpt lat="39.698005" lon="19.787012" /><trkpt lat="39.698017" lon="19.786778" /><trkpt lat="39.698002" lon="19.786585" /><trkpt lat="39.697851" lon="19.785805" /><trkpt lat="39.697825" lon="19.785637" /><trkpt lat="39.697798" lon="19.785058" /><trkpt lat="39.697790" lon="19.784580" /><trkpt lat="39.697779" lon="19.783896" /><trkpt lat="39.697845" lon="19.783785" /><trkpt lat="39.697911" lon="19.783675" /><trkpt lat="39.697939" lon="19.783255" /><trkpt lat="39.697888" lon="19.783146" /><trkpt lat="39.697836" lon="19.783037" /><trkpt lat="39.697842" lon="19.782964" /><trkpt lat="39.697891" lon="19.782367" /><trkpt lat="39.697896" lon="19.782211" /><trkpt lat="39.697892" lon="19.782048" /><trkpt lat="39.697845" lon="19.781709" /><trkpt lat="39.697751" lon="19.780780" /><trkpt lat="39.697746" lon="19.780460" /><trkpt lat="39.697760" lon="19.780222" /><trkpt lat="39.697795" lon="19.779797" /><trkpt lat="39.697833" lon="19.779517" /><trkpt lat="39.697896" lon="19.779226" /><trkpt lat="39.697956" lon="19.779029" /><trkpt lat="39.698051" lon="19.778846" /><trkpt lat="39.698166" lon="19.778713" /><trkpt lat="39.698290" lon="19.778612" /><trkpt lat="39.698447" lon="19.778523" /><trkpt lat="39.698610" lon="19.778474" /><trkpt lat="39.699470" lon="19.778339" /><trkpt lat="39.699561" lon="19.778309" /><trkpt lat="39.699650" lon="19.778253" /><trkpt lat="39.699721" lon="19.778196" /><trkpt lat="39.699777" lon="19.778134" /><trkpt lat="39.699832" lon="19.778023" /><trkpt lat="39.699866" lon="19.777904" /><trkpt lat="39.699888" lon="19.777778" /><trkpt lat="39.699902" lon="19.777611" /><trkpt lat="39.699925" lon="19.776934" /><trkpt lat="39.699929" lon="19.776764" /><trkpt lat="39.699930" lon="19.776712" /><trkpt lat="39.699921" lon="19.776570" /><trkpt lat="39.699900" lon="19.776438" /><trkpt lat="39.699803" lon="19.776021" /><trkpt lat="39.699759" lon="19.775790" /><trkpt lat="39.699745" lon="19.775636" /><trkpt lat="39.699756" lon="19.775508" /><trkpt lat="39.699781" lon="19.775393" /><trkpt lat="39.699834" lon="19.775266" /><trkpt lat="39.699911" lon="19.775162" /><trkpt lat="39.700108" lon="19.774994" /><trkpt lat="39.700237" lon="19.774861" /><trkpt lat="39.700272" lon="19.774801" /><trkpt lat="39.700272" lon="19.774801" /><trkpt lat="39.700237" lon="19.774861" /><trkpt lat="39.700108" lon="19.774994" /><trkpt lat="39.699911" lon="19.775162" /><trkpt lat="39.699834" lon="19.775266" /><trkpt lat="39.699781" lon="19.775393" /><trkpt lat="39.699756" lon="19.775508" /><trkpt lat="39.699745" lon="19.775636" /><trkpt lat="39.699759" lon="19.775790" /><trkpt lat="39.699803" lon="19.776021" /><trkpt lat="39.699900" lon="19.776438" /><trkpt lat="39.699921" lon="19.776570" /><trkpt lat="39.699930" lon="19.776712" /><trkpt lat="39.699929" lon="19.776764" /><trkpt lat="39.699925" lon="19.776934" /><trkpt lat="39.699902" lon="19.777611" /><trkpt lat="39.699888" lon="19.777778" /><trkpt lat="39.699866" lon="19.777904" /><trkpt lat="39.699832" lon="19.778023" /><trkpt lat="39.699777" lon="19.778134" /><trkpt lat="39.699721" lon="19.778196" /><trkpt lat="39.699650" lon="19.778253" /><trkpt lat="39.699561" lon="19.778309" /><trkpt lat="39.699470" lon="19.778339" /><trkpt lat="39.698610" lon="19.778474" /><trkpt lat="39.698447" lon="19.778523" /><trkpt lat="39.698290" lon="19.778612" /><trkpt lat="39.698166" lon="19.778713" /><trkpt lat="39.698051" lon="19.778846" /><trkpt lat="39.697956" lon="19.779029" /><trkpt lat="39.697896" lon="19.779226" /><trkpt lat="39.697833" lon="19.779517" /><trkpt lat="39.697795" lon="19.779797" /><trkpt lat="39.697760" lon="19.780222" /><trkpt lat="39.697746" lon="19.780460" /><trkpt lat="39.697751" lon="19.780780" /><trkpt lat="39.697845" lon="19.781709" /><trkpt lat="39.697892" lon="19.782048" /><trkpt lat="39.697896" lon="19.782211" /><trkpt lat="39.697891" lon="19.782367" /><trkpt lat="39.697842" lon="19.782964" /><trkpt lat="39.697836" lon="19.783037" /><trkpt lat="39.697785" lon="19.783640" /><trkpt lat="39.697777" lon="19.783783" /><trkpt lat="39.697779" lon="19.783896" /><trkpt lat="39.697790" lon="19.784580" /><trkpt lat="39.697798" lon="19.785058" /><trkpt lat="39.697825" lon="19.785637" /><trkpt lat="39.697851" lon="19.785805" /><trkpt lat="39.698002" lon="19.786585" /><trkpt lat="39.698017" lon="19.786778" /><trkpt lat="39.698005" lon="19.787012" /><trkpt lat="39.697975" lon="19.787179" /><trkpt lat="39.697913" lon="19.787372" /><trkpt lat="39.697822" lon="19.787511" /><trkpt lat="39.697740" lon="19.787611" /><trkpt lat="39.697646" lon="19.787699" /><trkpt lat="39.697530" lon="19.787774" /><trkpt lat="39.697399" lon="19.787838" /><trkpt lat="39.696642" lon="19.788035" /><trkpt lat="39.696218" lon="19.788170" /><trkpt lat="39.696023" lon="19.788262" /><trkpt lat="39.695809" lon="19.788403" /><trkpt lat="39.695612" lon="19.788588" /><trkpt lat="39.695461" lon="19.788770" /><trkpt lat="39.695336" lon="19.788937" /><trkpt lat="39.695222" lon="19.789128" /><trkpt lat="39.695145" lon="19.789292" /><trkpt lat="39.695067" lon="19.789479" /><trkpt lat="39.694975" lon="19.789759" /><trkpt lat="39.694915" lon="19.790035" /><trkpt lat="39.694876" lon="19.790301" /><trkpt lat="39.694863" lon="19.790442" /><trkpt lat="39.694857" lon="19.790734" /><trkpt lat="39.694875" lon="19.791171" /><trkpt lat="39.694934" lon="19.791761" /><trkpt lat="39.694960" lon="19.792144" /><trkpt lat="39.694958" lon="19.792280" /><trkpt lat="39.694950" lon="19.792383" /><trkpt lat="39.694919" lon="19.792645" /><trkpt lat="39.694831" lon="19.792999" /><trkpt lat="39.694293" lon="19.794696" /><trkpt lat="39.694090" lon="19.795283" /><trkpt lat="39.693943" lon="19.795594" /><trkpt lat="39.693880" lon="19.795705" /><trkpt lat="39.693805" lon="19.795817" /><trkpt lat="39.693688" lon="19.795970" /><trkpt lat="39.693541" lon="19.796131" /><trkpt lat="39.693324" lon="19.796329" /><trkpt lat="39.692084" lon="19.797193" /><trkpt lat="39.691888" lon="19.797328" /><trkpt lat="39.691705" lon="19.797465" /><trkpt lat="39.691632" lon="19.797520" /><trkpt lat="39.691514" lon="19.797642" /><trkpt lat="39.691398" lon="19.797788" /><trkpt lat="39.691273" lon="19.797983" /><trkpt lat="39.691175" lon="19.798176" /><trkpt lat="39.691081" lon="19.798399" /><trkpt lat="39.691035" lon="19.798490" /><trkpt lat="39.690650" lon="19.799403" /><trkpt lat="39.690531" lon="19.799681" /><trkpt lat="39.690133" lon="19.800584" /><trkpt lat="39.690071" lon="19.800703" /><trkpt lat="39.690012" lon="19.800797" /><trkpt lat="39.689925" lon="19.800893" /><trkpt lat="39.689768" lon="19.801027" /><trkpt lat="39.689594" lon="19.801138" /><trkpt lat="39.689309" lon="19.801285" /><trkpt lat="39.689130" lon="19.801369" /><trkpt lat="39.688978" lon="19.801403" /><trkpt lat="39.688742" lon="19.801420" /><trkpt lat="39.687538" lon="19.801410" /><trkpt lat="39.687319" lon="19.801389" /><trkpt lat="39.687107" lon="19.801352" /><trkpt lat="39.686481" lon="19.801182" /><trkpt lat="39.685873" lon="19.801015" /><trkpt lat="39.685369" lon="19.800880" /><trkpt lat="39.684797" lon="19.800690" /><trkpt lat="39.684563" lon="19.800630" /><trkpt lat="39.684477" lon="19.800621" /><trkpt lat="39.684292" lon="19.800652" /><trkpt lat="39.684207" lon="19.800685" /><trkpt lat="39.684129" lon="19.800728" /><trkpt lat="39.684032" lon="19.800802" /><trkpt lat="39.683961" lon="19.800886" /><trkpt lat="39.683883" lon="19.801004" /><trkpt lat="39.683633" lon="19.801490" /><trkpt lat="39.683429" lon="19.801841" /><trkpt lat="39.683308" lon="19.801997" /><trkpt lat="39.683199" lon="19.802105" /><trkpt lat="39.682797" lon="19.802447" /><trkpt lat="39.682626" lon="19.802603" /><trkpt lat="39.682421" lon="19.802821" /><trkpt lat="39.682295" lon="19.802986" /><trkpt lat="39.681928" lon="19.803556" /><trkpt lat="39.681814" lon="19.803687" /><trkpt lat="39.681588" lon="19.803978" /><trkpt lat="39.681549" lon="19.804017" /><trkpt lat="39.681510" lon="19.804041" /><trkpt lat="39.681475" lon="19.804050" /><trkpt lat="39.681435" lon="19.804042" /><trkpt lat="39.681348" lon="19.803980" /><trkpt lat="39.681233" lon="19.803904" /><trkpt lat="39.681199" lon="19.803877" /><trkpt lat="39.681137" lon="19.803827" /><trkpt lat="39.681091" lon="19.803915" /><trkpt lat="39.680964" lon="19.804080" /><trkpt lat="39.680840" lon="19.804212" /><trkpt lat="39.680771" lon="19.804266" /><trkpt lat="39.680698" lon="19.804306" /><trkpt lat="39.680537" lon="19.804377" /><trkpt lat="39.680384" lon="19.804422" /><trkpt lat="39.680205" lon="19.804492" /><trkpt lat="39.679490" lon="19.804610" /><trkpt lat="39.679394" lon="19.804662" /><trkpt lat="39.679313" lon="19.804733" /><trkpt lat="39.679252" lon="19.804806" /><trkpt lat="39.679183" lon="19.804933" /><trkpt lat="39.679136" lon="19.805064" /><trkpt lat="39.679107" lon="19.805208" /><trkpt lat="39.679090" lon="19.805379" /><trkpt lat="39.679135" lon="19.806897" /><trkpt lat="39.679144" lon="19.807839" /><trkpt lat="39.679119" lon="19.808035" /><trkpt lat="39.679064" lon="19.808235" /><trkpt lat="39.678989" lon="19.808378" /><trkpt lat="39.678884" lon="19.808527" /><trkpt lat="39.678667" lon="19.808766" /><trkpt lat="39.678015" lon="19.809436" /><trkpt lat="39.677308" lon="19.810169" /><trkpt lat="39.677037" lon="19.810378" /><trkpt lat="39.676521" lon="19.810710" /><trkpt lat="39.676185" lon="19.810884" /><trkpt lat="39.676047" lon="19.810989" /><trkpt lat="39.675941" lon="19.811095" /><trkpt lat="39.675783" lon="19.811294" /><trkpt lat="39.675649" lon="19.811514" /><trkpt lat="39.675044" lon="19.812696" /><trkpt lat="39.674418" lon="19.813896" /><trkpt lat="39.674324" lon="19.814067" /><trkpt lat="39.674234" lon="19.814215" /><trkpt lat="39.673999" lon="19.814550" /><trkpt lat="39.673874" lon="19.814702" /><trkpt lat="39.673244" lon="19.815358" /><trkpt lat="39.672806" lon="19.815797" /><trkpt lat="39.672407" lon="19.816197" /><trkpt lat="39.672311" lon="19.816297" /><trkpt lat="39.672154" lon="19.816280" /><trkpt lat="39.672083" lon="19.816297" /><trkpt lat="39.671911" lon="19.816357" /><trkpt lat="39.671759" lon="19.816447" /><trkpt lat="39.671500" lon="19.816680" /><trkpt lat="39.671170" lon="19.816998" /><trkpt lat="39.671058" lon="19.817126" /><trkpt lat="39.670976" lon="19.817265" /><trkpt lat="39.670459" lon="19.818458" /><trkpt lat="39.670407" lon="19.818632" /><trkpt lat="39.670396" lon="19.818762" /><trkpt lat="39.670404" lon="19.818858" /><trkpt lat="39.670423" lon="19.818936" /><trkpt lat="39.670461" lon="19.819028" /><trkpt lat="39.670543" lon="19.819187" /><trkpt lat="39.670676" lon="19.819202" /><trkpt lat="39.670686" lon="19.819616" /><trkpt lat="39.670735" lon="19.819652" /><trkpt lat="39.670760" lon="19.819717" /><trkpt lat="39.670836" lon="19.820389" /><trkpt lat="39.670883" lon="19.820602" /><trkpt lat="39.671005" lon="19.820925" /><trkpt lat="39.671056" lon="19.821116" /><trkpt lat="39.671078" lon="19.821282" /><trkpt lat="39.671085" lon="19.821514" /><trkpt lat="39.671078" lon="19.821722" /><trkpt lat="39.671047" lon="19.821897" /><trkpt lat="39.670840" lon="19.822585" /><trkpt lat="39.670816" lon="19.822620" /><trkpt lat="39.670760" lon="19.822667" /><trkpt lat="39.670766" lon="19.822901" /><trkpt lat="39.670783" lon="19.823526" /><trkpt lat="39.670793" lon="19.824008" /><trkpt lat="39.670800" lon="19.824438" /><trkpt lat="39.670792" lon="19.824624" /><trkpt lat="39.670777" lon="19.824744" /><trkpt lat="39.670755" lon="19.824857" /><trkpt lat="39.670662" lon="19.825174" /><trkpt lat="39.670547" lon="19.825222" /><trkpt lat="39.670430" lon="19.825286" /><trkpt lat="39.670385" lon="19.825350" /><trkpt lat="39.670370" lon="19.825489" /><trkpt lat="39.670384" lon="19.825648" /><trkpt lat="39.670195" lon="19.825861" /><trkpt lat="39.669219" lon="19.826883" /><trkpt lat="39.668842" lon="19.827327" /><trkpt lat="39.668705" lon="19.827527" /><trkpt lat="39.668640" lon="19.827635" /><trkpt lat="39.668497" lon="19.827904" /><trkpt lat="39.668420" lon="19.828067" /><trkpt lat="39.668142" lon="19.828772" /><trkpt lat="39.667473" lon="19.830553" /><trkpt lat="39.667261" lon="19.831006" /><trkpt lat="39.667199" lon="19.831134" /><trkpt lat="39.667119" lon="19.831284" /><trkpt lat="39.667088" lon="19.831336" /><trkpt lat="39.666992" lon="19.831498" /><trkpt lat="39.666838" lon="19.831727" /><trkpt lat="39.666760" lon="19.831831" /><trkpt lat="39.666686" lon="19.831916" /><trkpt lat="39.666684" lon="19.832049" /><trkpt lat="39.666683" lon="19.832138" /><trkpt lat="39.666526" lon="19.832337" /><trkpt lat="39.666360" lon="19.832496" /><trkpt lat="39.666162" lon="19.832672" /><trkpt lat="39.666057" lon="19.832703" /><trkpt lat="39.665981" lon="19.832757" /><trkpt lat="39.665941" lon="19.832799" /><trkpt lat="39.665872" lon="19.832780" /><trkpt lat="39.665711" lon="19.832955" /><trkpt lat="39.665659" lon="19.832945" /><trkpt lat="39.665510" lon="19.832931" /><trkpt lat="39.665299" lon="19.833189" /><trkpt lat="39.665297" lon="19.833392" /><trkpt lat="39.665280" lon="19.833469" /><trkpt lat="39.664876" lon="19.833972" /><trkpt lat="39.664572" lon="19.834323" /><trkpt lat="39.664149" lon="19.834820" /><trkpt lat="39.663994" lon="19.835027" /><trkpt lat="39.663731" lon="19.835454" /><trkpt lat="39.663180" lon="19.836435" /><trkpt lat="39.663113" lon="19.836554" /><trkpt lat="39.663032" lon="19.836705" /><trkpt lat="39.663026" lon="19.836882" /><trkpt lat="39.663005" lon="19.836961" /><trkpt lat="39.662972" lon="19.837042" /><trkpt lat="39.662734" lon="19.837408" /><trkpt lat="39.662656" lon="19.837461" /><trkpt lat="39.662583" lon="19.837483" /><trkpt lat="39.662530" lon="19.837420" /><trkpt lat="39.662315" lon="19.837574" /><trkpt lat="39.662005" lon="19.837748" /><trkpt lat="39.661848" lon="19.837826" /><trkpt lat="39.661789" lon="19.837856" /><trkpt lat="39.661593" lon="19.837954" /><trkpt lat="39.661443" lon="19.838024" /><trkpt lat="39.661392" lon="19.838048" /><trkpt lat="39.661009" lon="19.838204" /><trkpt lat="39.660403" lon="19.838521" /><trkpt lat="39.660269" lon="19.838558" /><trkpt lat="39.660189" lon="19.838563" /><trkpt lat="39.660161" lon="19.838563" /><trkpt lat="39.660120" lon="19.838563" /><trkpt lat="39.660040" lon="19.838562" /><trkpt lat="39.659103" lon="19.838559" /><trkpt lat="39.658871" lon="19.838559" /><trkpt lat="39.658660" lon="19.838606" /><trkpt lat="39.658536" lon="19.838565" /><trkpt lat="39.658337" lon="19.838634" /><trkpt lat="39.658286" lon="19.838660" /><trkpt lat="39.658177" lon="19.838715" /><trkpt lat="39.658020" lon="19.838724" /><trkpt lat="39.657895" lon="19.838732" /><trkpt lat="39.657898" lon="19.838826" /><trkpt lat="39.657895" lon="19.838954" /><trkpt lat="39.657789" lon="19.839009" /><trkpt lat="39.657823" lon="19.839119" /><trkpt lat="39.657845" lon="19.839192" /><trkpt lat="39.657410" lon="19.839403" /><trkpt lat="39.656848" lon="19.839676" /><trkpt lat="39.656686" lon="19.839754" /><trkpt lat="39.655828" lon="19.840830" /><trkpt lat="39.655712" lon="19.840956" /><trkpt lat="39.655674" lon="19.840998" /><trkpt lat="39.655490" lon="19.841159" /><trkpt lat="39.655336" lon="19.841297" /><trkpt lat="39.655198" lon="19.841409" /><trkpt lat="39.655083" lon="19.841504" /><trkpt lat="39.654995" lon="19.841588" /><trkpt lat="39.654909" lon="19.841682" /><trkpt lat="39.654845" lon="19.841749" /><trkpt lat="39.654771" lon="19.841842" /><trkpt lat="39.654571" lon="19.842116" /><trkpt lat="39.654492" lon="19.842200" /><trkpt lat="39.654439" lon="19.842239" /><trkpt lat="39.654380" lon="19.842267" /><trkpt lat="39.654317" lon="19.842287" /><trkpt lat="39.654204" lon="19.842298" /><trkpt lat="39.653849" lon="19.842220" /><trkpt lat="39.653796" lon="19.842208" /><trkpt lat="39.653535" lon="19.842148" /><trkpt lat="39.653267" lon="19.842102" /><trkpt lat="39.653070" lon="19.842117" /><trkpt lat="39.652919" lon="19.842148" /><trkpt lat="39.652855" lon="19.842168" /><trkpt lat="39.652803" lon="19.842221" /><trkpt lat="39.652762" lon="19.842299" /><trkpt lat="39.652756" lon="19.842333" /><trkpt lat="39.652741" lon="19.842461" /><trkpt lat="39.652728" lon="19.842655" /><trkpt lat="39.652717" lon="19.843044" /><trkpt lat="39.652714" lon="19.843417" /><trkpt lat="39.652714" lon="19.843807" /><trkpt lat="39.652704" lon="19.843963" /><trkpt lat="39.652692" lon="19.844044" /><trkpt lat="39.652661" lon="19.844164" /><trkpt lat="39.652635" lon="19.844217" /><trkpt lat="39.652512" lon="19.844375" /><trkpt lat="39.652399" lon="19.844521" /><trkpt lat="39.652148" lon="19.844826" /><trkpt lat="39.651968" lon="19.845014" /><trkpt lat="39.651918" lon="19.845058" /><trkpt lat="39.651836" lon="19.845097" /><trkpt lat="39.651427" lon="19.845259" /><trkpt lat="39.651350" lon="19.845290" /><trkpt lat="39.650866" lon="19.845455" /><trkpt lat="39.650671" lon="19.845555" /><trkpt lat="39.650451" lon="19.845751" /><trkpt lat="39.650151" lon="19.846067" /><trkpt lat="39.650110" lon="19.846109" /><trkpt lat="39.650001" lon="19.846221" /><trkpt lat="39.649341" lon="19.846895" /><trkpt lat="39.649173" lon="19.847019" /><trkpt lat="39.648973" lon="19.847112" /><trkpt lat="39.647973" lon="19.847417" /><trkpt lat="39.647305" lon="19.847602" /><trkpt lat="39.647271" lon="19.847619" /><trkpt lat="39.647229" lon="19.847640" /><trkpt lat="39.647151" lon="19.847699" /><trkpt lat="39.646665" lon="19.848567" /><trkpt lat="39.646163" lon="19.849556" /><trkpt lat="39.646094" lon="19.849744" /><trkpt lat="39.646033" lon="19.849979" /><trkpt lat="39.645931" lon="19.850625" /><trkpt lat="39.645908" lon="19.850694" /><trkpt lat="39.645847" lon="19.850792" /><trkpt lat="39.645514" lon="19.851160" /><trkpt lat="39.645459" lon="19.851214" /><trkpt lat="39.645334" lon="19.851281" /><trkpt lat="39.645288" lon="19.851313" /><trkpt lat="39.645254" lon="19.851356" /><trkpt lat="39.644973" lon="19.852200" /><trkpt lat="39.644962" lon="19.852290" /><trkpt lat="39.644983" lon="19.852651" /><trkpt lat="39.644973" lon="19.852770" /><trkpt lat="39.644786" lon="19.853849" /><trkpt lat="39.644758" lon="19.854055" /><trkpt lat="39.644696" lon="19.854013" /><trkpt lat="39.644633" lon="19.853970" /><trkpt lat="39.644586" lon="19.853939" /><trkpt lat="39.644536" lon="19.853992" /><trkpt lat="39.644423" lon="19.854014" /><trkpt lat="39.644347" lon="19.854031" /><trkpt lat="39.644364" lon="19.854139" /><trkpt lat="39.644469" lon="19.854834" /><trkpt lat="39.644680" lon="19.856403" /><trkpt lat="39.644800" lon="19.857252" /><trkpt lat="39.644896" lon="19.857951" /><trkpt lat="39.644926" lon="19.858279" /><trkpt lat="39.644941" lon="19.858639" /><trkpt lat="39.644984" lon="19.858760" /><trkpt lat="39.644961" lon="19.858999" /><trkpt lat="39.644907" lon="19.859320" /><trkpt lat="39.644795" lon="19.859889" /><trkpt lat="39.644693" lon="19.860346" /><trkpt lat="39.644663" lon="19.860479" /><trkpt lat="39.644609" lon="19.860676" /><trkpt lat="39.644551" lon="19.860843" /><trkpt lat="39.644499" lon="19.860969" /><trkpt lat="39.644435" lon="19.861082" /><trkpt lat="39.644401" lon="19.861129" /><trkpt lat="39.644338" lon="19.861202" /><trkpt lat="39.644263" lon="19.861268" /><trkpt lat="39.644187" lon="19.861321" /><trkpt lat="39.644075" lon="19.861385" /><trkpt lat="39.643833" lon="19.861477" /><trkpt lat="39.643010" lon="19.861730" /><trkpt lat="39.642673" lon="19.861868" /><trkpt lat="39.642486" lon="19.861968" /><trkpt lat="39.642404" lon="19.862018" /><trkpt lat="39.642124" lon="19.862220" /><trkpt lat="39.641844" lon="19.862481" /><trkpt lat="39.641362" lon="19.862971" /><trkpt lat="39.640801" lon="19.863550" /><trkpt lat="39.640563" lon="19.863822" /><trkpt lat="39.640415" lon="19.864021" /><trkpt lat="39.640357" lon="19.864109" /><trkpt lat="39.640301" lon="19.864197" /><trkpt lat="39.640123" lon="19.864510" /><trkpt lat="39.639485" lon="19.865751" /><trkpt lat="39.639198" lon="19.866288" /><trkpt lat="39.638752" lon="19.867072" /><trkpt lat="39.638631" lon="19.867287" /><trkpt lat="39.638502" lon="19.867374" /><trkpt lat="39.638291" lon="19.867737" /><trkpt lat="39.638129" lon="19.868041" /><trkpt lat="39.638009" lon="19.868290" /><trkpt lat="39.637796" lon="19.868812" /><trkpt lat="39.637392" lon="19.870007" /><trkpt lat="39.637266" lon="19.870379" /><trkpt lat="39.637104" lon="19.870858" /><trkpt lat="39.637091" lon="19.871124" /><trkpt lat="39.637037" lon="19.871264" /><trkpt lat="39.636991" lon="19.871386" /><trkpt lat="39.636903" lon="19.871362" /><trkpt lat="39.636891" lon="19.871352" /><trkpt lat="39.636867" lon="19.871309" /><trkpt lat="39.636860" lon="19.871399" /><trkpt lat="39.636818" lon="19.871665" /><trkpt lat="39.636424" lon="19.872706" /><trkpt lat="39.636219" lon="19.873247" /><trkpt lat="39.636121" lon="19.873510" /><trkpt lat="39.636012" lon="19.873796" /><trkpt lat="39.635862" lon="19.874128" /><trkpt lat="39.635862" lon="19.874303" /><trkpt lat="39.635712" lon="19.874616" /><trkpt lat="39.635603" lon="19.874692" /><trkpt lat="39.635411" lon="19.875089" /><trkpt lat="39.635001" lon="19.875938" /><trkpt lat="39.634685" lon="19.876596" /><trkpt lat="39.634687" lon="19.876760" /><trkpt lat="39.634593" lon="19.876970" /><trkpt lat="39.634470" lon="19.877052" /><trkpt lat="39.634208" lon="19.877673" /><trkpt lat="39.633966" lon="19.878266" /><trkpt lat="39.633916" lon="19.878388" /><trkpt lat="39.633820" lon="19.878624" /><trkpt lat="39.633359" lon="19.879754" /><trkpt lat="39.633347" lon="19.879848" /><trkpt lat="39.633327" lon="19.880012" /><trkpt lat="39.633090" lon="19.880590" /><trkpt lat="39.633053" lon="19.880682" /><trkpt lat="39.632870" lon="19.881128" /><trkpt lat="39.632808" lon="19.881286" /><trkpt lat="39.632769" lon="19.881319" /><trkpt lat="39.632680" lon="19.881252" /><trkpt lat="39.632435" lon="19.881717" /><trkpt lat="39.632295" lon="19.881936" /><trkpt lat="39.632060" lon="19.882225" /><trkpt lat="39.631679" lon="19.882714" /><trkpt lat="39.631352" lon="19.883134" /><trkpt lat="39.630943" lon="19.883677" /><trkpt lat="39.630680" lon="19.884030" /><trkpt lat="39.630674" lon="19.884079" /><trkpt lat="39.630691" lon="19.884193" /><trkpt lat="39.630372" lon="19.884625" /><trkpt lat="39.630211" lon="19.884820" /><trkpt lat="39.629999" lon="19.885006" /><trkpt lat="39.629467" lon="19.885343" /><trkpt lat="39.629359" lon="19.885416" /><trkpt lat="39.629330" lon="19.885455" /><trkpt lat="39.629320" lon="19.885480" /><trkpt lat="39.629308" lon="19.885547" /><trkpt lat="39.629305" lon="19.885666" /><trkpt lat="39.629299" lon="19.885986" /><trkpt lat="39.629297" lon="19.886074" /><trkpt lat="39.629297" lon="19.886099" /><trkpt lat="39.628694" lon="19.886120" /><trkpt lat="39.628470" lon="19.886125" /><trkpt lat="39.628170" lon="19.886107" /><trkpt lat="39.627247" lon="19.886082" /><trkpt lat="39.626675" lon="19.886051" /><trkpt lat="39.626301" lon="19.886072" /><trkpt lat="39.625945" lon="19.886063" /><trkpt lat="39.625537" lon="19.886088" /><trkpt lat="39.624891" lon="19.886112" /><trkpt lat="39.624427" lon="19.886145" /><trkpt lat="39.623769" lon="19.886242" /><trkpt lat="39.623524" lon="19.886304" /><trkpt lat="39.623437" lon="19.886357" /><trkpt lat="39.623283" lon="19.886368" /><trkpt lat="39.622578" lon="19.886270" /><trkpt lat="39.621714" lon="19.886211" /><trkpt lat="39.621650" lon="19.886206" /><trkpt lat="39.621037" lon="19.886260" /><trkpt lat="39.620839" lon="19.886269" /><trkpt lat="39.620696" lon="19.886308" /><trkpt lat="39.620624" lon="19.886335" /><trkpt lat="39.620468" lon="19.886394" /><trkpt lat="39.620306" lon="19.886443" /><trkpt lat="39.620110" lon="19.886473" /><trkpt lat="39.619612" lon="19.886473" /><trkpt lat="39.619311" lon="19.886443" /><trkpt lat="39.618774" lon="19.886243" /><trkpt lat="39.618355" lon="19.886157" /><trkpt lat="39.618246" lon="19.886147" /><trkpt lat="39.618137" lon="19.886156" /><trkpt lat="39.617935" lon="19.886204" /><trkpt lat="39.617811" lon="19.886270" /><trkpt lat="39.617699" lon="19.886361" /><trkpt lat="39.617351" lon="19.886727" /><trkpt lat="39.617125" lon="19.886888" /><trkpt lat="39.616935" lon="19.887024" /><trkpt lat="39.616627" lon="19.887227" /><trkpt lat="39.616580" lon="19.887174" /><trkpt lat="39.616513" lon="19.887058" /><trkpt lat="39.616392" lon="19.886739" /><trkpt lat="39.616319" lon="19.886564" /><trkpt lat="39.616104" lon="19.886259" /><trkpt lat="39.616072" lon="19.886234" /><trkpt lat="39.616037" lon="19.886228" /><trkpt lat="39.615995" lon="19.886244" /><trkpt lat="39.615823" lon="19.886394" /><trkpt lat="39.615742" lon="19.886443" /><trkpt lat="39.615305" lon="19.886588" /><trkpt lat="39.614959" lon="19.886742" /><trkpt lat="39.614916" lon="19.886770" /><trkpt lat="39.614895" lon="19.886805" /><trkpt lat="39.614877" lon="19.886998" /><trkpt lat="39.614860" lon="19.887032" /><trkpt lat="39.614835" lon="19.887048" /><trkpt lat="39.614766" lon="19.887058" /><trkpt lat="39.614735" lon="19.887076" /><trkpt lat="39.614707" lon="19.887108" /><trkpt lat="39.614655" lon="19.887241" /><trkpt lat="39.614627" lon="19.887266" /><trkpt lat="39.614598" lon="19.887273" /><trkpt lat="39.614294" lon="19.887206" /><trkpt lat="39.614141" lon="19.887180" /><trkpt lat="39.614044" lon="19.887188" /><trkpt lat="39.613993" lon="19.887216" /><trkpt lat="39.613955" lon="19.887235" /><trkpt lat="39.613543" lon="19.887477" /><trkpt lat="39.613520" lon="19.888278" /><trkpt lat="39.613507" lon="19.889266" /><trkpt lat="39.613513" lon="19.889437" /><trkpt lat="39.613043" lon="19.889544" /><trkpt lat="39.612601" lon="19.889671" /><trkpt lat="39.612528" lon="19.889677" /><trkpt lat="39.612440" lon="19.889663" /><trkpt lat="39.612274" lon="19.889622" /><trkpt lat="39.612223" lon="19.889624" /><trkpt lat="39.612182" lon="19.889653" /><trkpt lat="39.612152" lon="19.889693" /><trkpt lat="39.612121" lon="19.889771" /><trkpt lat="39.612084" lon="19.889928" /><trkpt lat="39.612013" lon="19.890263" /><trkpt lat="39.611974" lon="19.890368" /><trkpt lat="39.611912" lon="19.890498" /><trkpt lat="39.611873" lon="19.890544" /><trkpt lat="39.611802" lon="19.890595" /><trkpt lat="39.611762" lon="19.890612" /><trkpt lat="39.611674" lon="19.890628" /><trkpt lat="39.611358" lon="19.890626" /><trkpt lat="39.611219" lon="19.890633" /><trkpt lat="39.611152" lon="19.890673" /><trkpt lat="39.611019" lon="19.890800" /><trkpt lat="39.610920" lon="19.890904" /><trkpt lat="39.610888" lon="19.890946" /><trkpt lat="39.610862" lon="19.890994" /><trkpt lat="39.610799" lon="19.891148" /><trkpt lat="39.610749" lon="19.891358" /><trkpt lat="39.610704" lon="19.891461" /><trkpt lat="39.610671" lon="19.891498" /><trkpt lat="39.610464" lon="19.891667" /><trkpt lat="39.610437" lon="19.891679" /><trkpt lat="39.610412" lon="19.891677" /><trkpt lat="39.610389" lon="19.891662" /><trkpt lat="39.610373" lon="19.891622" /><trkpt lat="39.610313" lon="19.891407" /><trkpt lat="39.610269" lon="19.891341" /><trkpt lat="39.610222" lon="19.891286" /><trkpt lat="39.610133" lon="19.891240" /><trkpt lat="39.610010" lon="19.891210" /><trkpt lat="39.609935" lon="19.891201" /><trkpt lat="39.609801" lon="19.891228" /><trkpt lat="39.609733" lon="19.891265" /><trkpt lat="39.609541" lon="19.891443" /><trkpt lat="39.609394" lon="19.891564" /><trkpt lat="39.609334" lon="19.891660" /><trkpt lat="39.609233" lon="19.891879" /><trkpt lat="39.609199" lon="19.891924" /><trkpt lat="39.609135" lon="19.891964" /><trkpt lat="39.609121" lon="19.891896" /><trkpt lat="39.609058" lon="19.891681" /><trkpt lat="39.608936" lon="19.891326" /><trkpt lat="39.608834" lon="19.890952" /><trkpt lat="39.608719" lon="19.890601" /><trkpt lat="39.608659" lon="19.890471" /><trkpt lat="39.608607" lon="19.890383" /><trkpt lat="39.608574" lon="19.890276" /><trkpt lat="39.608562" lon="19.890170" /><trkpt lat="39.608556" lon="19.889919" /><trkpt lat="39.608528" lon="19.889747" /><trkpt lat="39.608511" lon="19.889685" /><trkpt lat="39.608410" lon="19.889434" /><trkpt lat="39.608390" lon="19.889328" /><trkpt lat="39.608399" lon="19.889215" /><trkpt lat="39.608422" lon="19.889104" /><trkpt lat="39.608462" lon="19.888953" /><trkpt lat="39.608585" lon="19.888573" /><trkpt lat="39.608242" lon="19.888377" /><trkpt lat="39.608094" lon="19.888310" /><trkpt lat="39.608002" lon="19.888312" /><trkpt lat="39.607676" lon="19.888367" /><trkpt lat="39.607459" lon="19.888383" /><trkpt lat="39.607383" lon="19.888409" /><trkpt lat="39.607165" lon="19.888614" /><trkpt lat="39.606888" lon="19.888620" /><trkpt lat="39.606268" lon="19.888865" /><trkpt lat="39.605767" lon="19.888895" /><trkpt lat="39.605713" lon="19.888924" /><trkpt lat="39.605477" lon="19.889386" /><trkpt lat="39.605353" lon="19.889476" /><trkpt lat="39.605296" lon="19.889540" /><trkpt lat="39.604846" lon="19.890192" /><trkpt lat="39.604717" lon="19.890334" /><trkpt lat="39.604694" lon="19.890050" /><trkpt lat="39.604658" lon="19.889900" /><trkpt lat="39.604432" lon="19.889522" /><trkpt lat="39.604394" lon="19.889357" /><trkpt lat="39.604418" lon="19.889103" /><trkpt lat="39.604412" lon="19.888958" /><trkpt lat="39.604299" lon="19.888730" /><trkpt lat="39.604204" lon="19.888518" /><trkpt lat="39.604018" lon="19.888104" /><trkpt lat="39.603784" lon="19.887626" /><trkpt lat="39.603703" lon="19.887518" /><trkpt lat="39.603681" lon="19.887477" /><trkpt lat="39.603669" lon="19.887439" /><trkpt lat="39.603673" lon="19.887399" /><trkpt lat="39.603536" lon="19.887454" /><trkpt lat="39.603456" lon="19.887510" /><trkpt lat="39.603385" lon="19.887595" /><trkpt lat="39.603171" lon="19.887983" /><trkpt lat="39.602965" lon="19.888160" /><trkpt lat="39.602753" lon="19.888499" /><trkpt lat="39.602743" lon="19.888566" /><trkpt lat="39.602765" lon="19.888672" /><trkpt lat="39.602766" lon="19.888743" /><trkpt lat="39.602749" lon="19.888811" /><trkpt lat="39.602698" lon="19.888911" /><trkpt lat="39.602662" lon="19.888962" /><trkpt lat="39.602616" lon="19.888996" /><trkpt lat="39.602414" lon="19.889070" /><trkpt lat="39.602347" lon="19.889162" /><trkpt lat="39.602252" lon="19.889512" /><trkpt lat="39.602203" lon="19.889608" /><trkpt lat="39.602069" lon="19.889795" /><trkpt lat="39.602051" lon="19.889853" /><trkpt lat="39.602049" lon="19.889915" /><trkpt lat="39.602080" lon="19.890215" /><trkpt lat="39.602072" lon="19.890291" /><trkpt lat="39.601899" lon="19.890525" /><trkpt lat="39.601862" lon="19.890545" /><trkpt lat="39.601842" lon="19.890541" /><trkpt lat="39.601710" lon="19.890389" /><trkpt lat="39.601633" lon="19.890337" /><trkpt lat="39.601487" lon="19.890274" /><trkpt lat="39.601422" lon="19.890264" /><trkpt lat="39.601329" lon="19.890306" /><trkpt lat="39.601036" lon="19.890686" /><trkpt lat="39.601012" lon="19.890692" /><trkpt lat="39.600970" lon="19.890661" /><trkpt lat="39.600858" lon="19.890436" /><trkpt lat="39.600820" lon="19.890388" /><trkpt lat="39.600773" lon="19.890349" /><trkpt lat="39.600654" lon="19.890306" /><trkpt lat="39.600194" lon="19.890237" /><trkpt lat="39.600042" lon="19.890229" /><trkpt lat="39.599977" lon="19.890235" /><trkpt lat="39.599944" lon="19.890246" /><trkpt lat="39.599871" lon="19.890294" /><trkpt lat="39.599825" lon="19.890304" /><trkpt lat="39.599789" lon="19.890727" /><trkpt lat="39.599768" lon="19.890895" /><trkpt lat="39.599707" lon="19.891291" /><trkpt lat="39.599635" lon="19.891612" /><trkpt lat="39.599603" lon="19.891693" /><trkpt lat="39.599457" lon="19.892006" /><trkpt lat="39.599345" lon="19.892196" /><trkpt lat="39.599223" lon="19.892379" /><trkpt lat="39.599204" lon="19.892454" /><trkpt lat="39.599201" lon="19.892602" /><trkpt lat="39.599233" lon="19.892756" /><trkpt lat="39.599311" lon="19.892972" /><trkpt lat="39.599363" lon="19.893094" /><trkpt lat="39.599403" lon="19.893215" /><trkpt lat="39.598945" lon="19.892982" /><trkpt lat="39.598575" lon="19.892752" /><trkpt lat="39.598096" lon="19.892395" /><trkpt lat="39.597999" lon="19.892291" /><trkpt lat="39.597972" lon="19.892237" /><trkpt lat="39.597952" lon="19.892178" /><trkpt lat="39.597928" lon="19.892076" /><trkpt lat="39.597802" lon="19.891273" /><trkpt lat="39.597787" lon="19.891203" /><trkpt lat="39.597708" lon="19.890949" /><trkpt lat="39.597389" lon="19.890266" /><trkpt lat="39.597254" lon="19.890017" /><trkpt lat="39.596815" lon="19.889437" /><trkpt lat="39.596787" lon="19.889385" /><trkpt lat="39.596638" lon="19.889397" /><trkpt lat="39.596549" lon="19.889398" /><trkpt lat="39.596471" lon="19.889389" /><trkpt lat="39.596460" lon="19.889426" /><trkpt lat="39.596439" lon="19.889460" /><trkpt lat="39.596037" lon="19.889811" /><trkpt lat="39.595845" lon="19.889976" /><trkpt lat="39.595797" lon="19.889985" /><trkpt lat="39.595661" lon="19.890055" /><trkpt lat="39.595567" lon="19.890132" /><trkpt lat="39.595495" lon="19.890205" /><trkpt lat="39.595413" lon="19.890270" /><trkpt lat="39.595097" lon="19.890406" /><trkpt lat="39.595082" lon="19.890631" /><trkpt lat="39.595065" lon="19.890732" /><trkpt lat="39.595041" lon="19.890811" /><trkpt lat="39.595015" lon="19.890874" /><trkpt lat="39.594754" lon="19.891166" /><trkpt lat="39.594712" lon="19.891228" /><trkpt lat="39.594686" lon="19.891284" /><trkpt lat="39.594666" lon="19.891362" /><trkpt lat="39.594651" lon="19.891470" /><trkpt lat="39.594621" lon="19.891592" /><trkpt lat="39.594607" lon="19.891623" /><trkpt lat="39.594566" lon="19.891715" /><trkpt lat="39.594509" lon="19.891803" /><trkpt lat="39.594281" lon="19.892029" /><trkpt lat="39.594236" lon="19.892104" /><trkpt lat="39.594185" lon="19.892207" /><trkpt lat="39.594113" lon="19.892306" /><trkpt lat="39.594013" lon="19.892399" /><trkpt lat="39.593940" lon="19.892437" /><trkpt lat="39.593758" lon="19.892486" /><trkpt lat="39.593744" lon="19.892531" /><trkpt lat="39.593719" lon="19.892588" /><trkpt lat="39.593651" lon="19.892668" /><trkpt lat="39.593018" lon="19.892633" /><trkpt lat="39.592401" lon="19.892587" /><trkpt lat="39.592378" lon="19.892585" /><trkpt lat="39.592321" lon="19.892587" /><trkpt lat="39.592006" lon="19.892617" /><trkpt lat="39.591872" lon="19.892635" /><trkpt lat="39.591100" lon="19.892761" /><trkpt lat="39.591091" lon="19.892763" /><trkpt lat="39.590972" lon="19.892785" /><trkpt lat="39.590862" lon="19.892816" /><trkpt lat="39.590775" lon="19.892851" /><trkpt lat="39.590477" lon="19.892988" /><trkpt lat="39.590393" lon="19.893024" /><trkpt lat="39.590182" lon="19.893115" /><trkpt lat="39.589722" lon="19.893318" /><trkpt lat="39.589607" lon="19.893358" /><trkpt lat="39.589472" lon="19.893382" /><trkpt lat="39.589204" lon="19.893383" /><trkpt lat="39.589021" lon="19.893350" /><trkpt lat="39.588728" lon="19.893258" /><trkpt lat="39.588336" lon="19.893133" /><trkpt lat="39.587520" lon="19.892861" /><trkpt lat="39.587143" lon="19.892727" /><trkpt lat="39.586992" lon="19.892682" /><trkpt lat="39.586782" lon="19.892639" /><trkpt lat="39.586657" lon="19.892634" /><trkpt lat="39.586312" lon="19.892669" /><trkpt lat="39.585507" lon="19.892782" /><trkpt lat="39.585393" lon="19.892805" /><trkpt lat="39.585271" lon="19.892843" /><trkpt lat="39.585057" lon="19.892935" /><trkpt lat="39.584855" lon="19.893025" /><trkpt lat="39.584551" lon="19.893166" /><trkpt lat="39.584278" lon="19.893305" /><trkpt lat="39.583986" lon="19.893460" /><trkpt lat="39.583836" lon="19.893531" /><trkpt lat="39.583766" lon="19.893555" /><trkpt lat="39.583681" lon="19.893573" /><trkpt lat="39.583554" lon="19.893584" /><trkpt lat="39.583513" lon="19.893685" /><trkpt lat="39.583496" lon="19.893706" /><trkpt lat="39.583475" lon="19.893733" /><trkpt lat="39.583416" lon="19.893768" /><trkpt lat="39.583286" lon="19.893825" /><trkpt lat="39.583047" lon="19.893929" /><trkpt lat="39.582874" lon="19.894015" /><trkpt lat="39.582709" lon="19.894073" /><trkpt lat="39.582690" lon="19.894047" /><trkpt lat="39.582670" lon="19.894022" /><trkpt lat="39.582587" lon="19.893974" /><trkpt lat="39.582504" lon="19.893955" /><trkpt lat="39.582004" lon="19.893934" /><trkpt lat="39.581975" lon="19.893919" /><trkpt lat="39.581927" lon="19.893894" /><trkpt lat="39.581859" lon="19.893795" /><trkpt lat="39.581840" lon="19.893690" /><trkpt lat="39.581862" lon="19.893592" /><trkpt lat="39.581913" lon="19.893476" /><trkpt lat="39.581949" lon="19.893415" /><trkpt lat="39.581878" lon="19.893300" /><trkpt lat="39.581836" lon="19.893237" /><trkpt lat="39.581609" lon="19.893127" /><trkpt lat="39.581574" lon="19.893103" /><trkpt lat="39.581554" lon="19.893076" /><trkpt lat="39.581550" lon="19.893048" /><trkpt lat="39.581019" lon="19.892910" /><trkpt lat="39.580931" lon="19.892895" /><trkpt lat="39.580754" lon="19.892883" /><trkpt lat="39.580392" lon="19.892895" /><trkpt lat="39.579671" lon="19.892970" /><trkpt lat="39.579160" lon="19.893024" /><trkpt lat="39.579191" lon="19.893064" /><trkpt lat="39.579210" lon="19.893105" /><trkpt lat="39.579310" lon="19.893436" /><trkpt lat="39.579420" lon="19.893713" /><trkpt lat="39.579465" lon="19.893888" /><trkpt lat="39.579462" lon="19.894006" /><trkpt lat="39.579446" lon="19.894091" /><trkpt lat="39.579404" lon="19.894173" /><trkpt lat="39.579297" lon="19.894257" /><trkpt lat="39.579216" lon="19.894300" /><trkpt lat="39.579138" lon="19.894353" /><trkpt lat="39.579091" lon="19.894418" /><trkpt lat="39.579010" lon="19.894616" /><trkpt lat="39.578994" lon="19.894710" /><trkpt lat="39.578995" lon="19.894796" /><trkpt lat="39.579004" lon="19.894878" /><trkpt lat="39.579128" lon="19.895399" /><trkpt lat="39.579136" lon="19.895445" /><trkpt lat="39.579137" lon="19.895528" /><trkpt lat="39.579087" lon="19.895908" /><trkpt lat="39.579045" lon="19.896053" /><trkpt lat="39.578945" lon="19.896195" /><trkpt lat="39.578802" lon="19.896342" /><trkpt lat="39.578739" lon="19.896478" /><trkpt lat="39.578718" lon="19.896620" /><trkpt lat="39.578754" lon="19.897088" /><trkpt lat="39.578747" lon="19.897261" /><trkpt lat="39.578703" lon="19.897580" /><trkpt lat="39.578681" lon="19.897784" /><trkpt lat="39.578593" lon="19.898112" /><trkpt lat="39.578509" lon="19.898458" /><trkpt lat="39.578488" lon="19.898594" /><trkpt lat="39.578483" lon="19.898742" /><trkpt lat="39.578504" lon="19.899449" /><trkpt lat="39.578526" lon="19.899606" /><trkpt lat="39.578565" lon="19.899751" /><trkpt lat="39.578660" lon="19.899938" /><trkpt lat="39.579088" lon="19.900530" /><trkpt lat="39.579138" lon="19.900658" /><trkpt lat="39.579161" lon="19.900829" /><trkpt lat="39.579194" lon="19.901803" /><trkpt lat="39.579214" lon="19.901910" /><trkpt lat="39.579265" lon="19.902057" /><trkpt lat="39.579277" lon="19.902108" /><trkpt lat="39.579266" lon="19.902223" /><trkpt lat="39.579209" lon="19.902570" /><trkpt lat="39.579147" lon="19.902638" /><trkpt lat="39.579038" lon="19.902659" /><trkpt lat="39.578903" lon="19.902637" /><trkpt lat="39.578773" lon="19.902521" /><trkpt lat="39.578564" lon="19.902352" /><trkpt lat="39.578382" lon="19.902217" /><trkpt lat="39.578162" lon="19.902063" /><trkpt lat="39.577991" lon="19.901966" /><trkpt lat="39.577808" lon="19.901980" /><trkpt lat="39.577600" lon="19.902048" /><trkpt lat="39.577458" lon="19.902048" /><trkpt lat="39.577328" lon="19.901980" /><trkpt lat="39.577073" lon="19.901735" /><trkpt lat="39.576798" lon="19.901442" /><trkpt lat="39.576680" lon="19.901340" /><trkpt lat="39.576515" lon="19.901229" /><trkpt lat="39.576269" lon="19.901130" /><trkpt lat="39.576137" lon="19.901103" /><trkpt lat="39.575986" lon="19.901127" /><trkpt lat="39.575781" lon="19.901141" /><trkpt lat="39.575709" lon="19.901138" /><trkpt lat="39.575645" lon="19.901125" /><trkpt lat="39.575223" lon="19.900883" /><trkpt lat="39.575130" lon="19.900838" /><trkpt lat="39.574802" lon="19.900754" /><trkpt lat="39.574725" lon="19.900738" /><trkpt lat="39.574593" lon="19.900741" /><trkpt lat="39.574266" lon="19.900805" /><trkpt lat="39.574012" lon="19.900819" /><trkpt lat="39.573989" lon="19.900870" /><trkpt lat="39.573976" lon="19.900928" /><trkpt lat="39.573982" lon="19.901449" /><trkpt lat="39.573977" lon="19.901573" /><trkpt lat="39.573959" lon="19.901668" /><trkpt lat="39.573957" lon="19.901719" /><trkpt lat="39.573974" lon="19.901762" /><trkpt lat="39.574054" lon="19.901832" /><trkpt lat="39.574101" lon="19.901889" /><trkpt lat="39.574123" lon="19.901944" /><trkpt lat="39.574129" lon="19.902061" /><trkpt lat="39.574116" lon="19.902128" /><trkpt lat="39.573963" lon="19.902313" /><trkpt lat="39.573588" lon="19.902796" /><trkpt lat="39.573667" lon="19.902909" /><trkpt lat="39.573684" lon="19.902976" /><trkpt lat="39.573686" lon="19.903052" /><trkpt lat="39.573663" lon="19.903125" /><trkpt lat="39.573511" lon="19.903345" /><trkpt lat="39.573495" lon="19.903378" /><trkpt lat="39.573492" lon="19.903413" /><trkpt lat="39.573497" lon="19.903465" /><trkpt lat="39.573557" lon="19.903553" /><trkpt lat="39.573582" lon="19.903610" /><trkpt lat="39.573590" lon="19.903676" /><trkpt lat="39.573586" lon="19.903873" /><trkpt lat="39.573331" lon="19.903878" /><trkpt lat="39.572947" lon="19.903902" /><trkpt lat="39.572779" lon="19.903926" /><trkpt lat="39.572657" lon="19.903961" /><trkpt lat="39.572532" lon="19.904048" /><trkpt lat="39.572325" lon="19.904228" /><trkpt lat="39.572064" lon="19.904382" /><trkpt lat="39.571589" lon="19.904565" /><trkpt lat="39.571541" lon="19.904593" /><trkpt lat="39.571512" lon="19.904625" /><trkpt lat="39.571484" lon="19.904680" /><trkpt lat="39.571356" lon="19.904634" /><trkpt lat="39.571281" lon="19.904620" /><trkpt lat="39.571198" lon="19.904623" /><trkpt lat="39.570904" lon="19.904687" /><trkpt lat="39.570800" lon="19.904702" /><trkpt lat="39.570682" lon="19.904709" /><trkpt lat="39.570525" lon="19.904663" /><trkpt lat="39.570419" lon="19.904607" /><trkpt lat="39.570301" lon="19.904487" /><trkpt lat="39.570146" lon="19.904289" /><trkpt lat="39.570087" lon="19.904227" /><trkpt lat="39.570015" lon="19.904178" /><trkpt lat="39.569870" lon="19.904100" /><trkpt lat="39.569516" lon="19.903967" /><trkpt lat="39.569359" lon="19.903918" /><trkpt lat="39.569231" lon="19.903839" /><trkpt lat="39.569123" lon="19.903745" /><trkpt lat="39.568823" lon="19.903440" /><trkpt lat="39.568693" lon="19.903364" /><trkpt lat="39.568590" lon="19.903330" /><trkpt lat="39.568226" lon="19.903162" /><trkpt lat="39.568032" lon="19.903103" /><trkpt lat="39.567996" lon="19.903277" /><trkpt lat="39.567955" lon="19.903351" /><trkpt lat="39.567846" lon="19.903471" /><trkpt lat="39.567678" lon="19.903584" /><trkpt lat="39.567608" lon="19.903645" /><trkpt lat="39.567315" lon="19.903971" /><trkpt lat="39.567276" lon="19.904021" /><trkpt lat="39.567194" lon="19.904160" /><trkpt lat="39.566949" lon="19.904694" /><trkpt lat="39.566904" lon="19.904770" /><trkpt lat="39.566809" lon="19.904784" /><trkpt lat="39.566626" lon="19.904790" /><trkpt lat="39.566389" lon="19.904826" /><trkpt lat="39.566281" lon="19.904862" /><trkpt lat="39.566190" lon="19.904914" /><trkpt lat="39.565915" lon="19.905113" /><trkpt lat="39.565372" lon="19.905439" /><trkpt lat="39.565284" lon="19.905455" /><trkpt lat="39.565067" lon="19.905412" /><trkpt lat="39.565003" lon="19.905410" /><trkpt lat="39.564947" lon="19.905439" /><trkpt lat="39.564902" lon="19.905513" /><trkpt lat="39.564877" lon="19.905539" /><trkpt lat="39.564846" lon="19.905552" /><trkpt lat="39.564765" lon="19.905545" /><trkpt lat="39.564736" lon="19.905553" /><trkpt lat="39.564713" lon="19.905579" /><trkpt lat="39.564638" lon="19.905884" /><trkpt lat="39.564631" lon="19.905948" /><trkpt lat="39.564655" lon="19.906013" /><trkpt lat="39.564916" lon="19.906277" /><trkpt lat="39.565089" lon="19.906564" /><trkpt lat="39.565145" lon="19.906647" /><trkpt lat="39.565260" lon="19.906732" /><trkpt lat="39.565310" lon="19.906791" /><trkpt lat="39.565458" lon="19.907109" /><trkpt lat="39.565533" lon="19.907216" /><trkpt lat="39.565564" lon="19.907246" /><trkpt lat="39.565580" lon="19.907274" /><trkpt lat="39.565596" lon="19.907453" /><trkpt lat="39.565629" lon="19.907618" /><trkpt lat="39.565635" lon="19.907690" /><trkpt lat="39.565631" lon="19.907786" /><trkpt lat="39.565615" lon="19.907939" /><trkpt lat="39.565611" lon="19.908072" /><trkpt lat="39.565618" lon="19.908153" /><trkpt lat="39.565654" lon="19.908312" /><trkpt lat="39.565693" lon="19.908421" /><trkpt lat="39.565695" lon="19.908502" /><trkpt lat="39.565683" lon="19.908547" /><trkpt lat="39.565650" lon="19.908573" /><trkpt lat="39.565221" lon="19.908708" /><trkpt lat="39.565192" lon="19.908733" /><trkpt lat="39.565170" lon="19.908769" /><trkpt lat="39.565154" lon="19.908831" /><trkpt lat="39.565155" lon="19.909344" /><trkpt lat="39.565220" lon="19.910214" /><trkpt lat="39.564953" lon="19.910184" /><trkpt lat="39.564538" lon="19.910156" /><trkpt lat="39.563924" lon="19.910142" /><trkpt lat="39.563367" lon="19.910146" /><trkpt lat="39.562482" lon="19.910169" /><trkpt lat="39.562080" lon="19.910245" /><trkpt lat="39.561893" lon="19.910320" /><trkpt lat="39.561751" lon="19.910406" /><trkpt lat="39.561536" lon="19.910543" /><trkpt lat="39.561405" lon="19.910634" /><trkpt lat="39.561313" lon="19.910709" /><trkpt lat="39.561230" lon="19.910757" /><trkpt lat="39.561105" lon="19.910790" /><trkpt lat="39.560987" lon="19.910789" /><trkpt lat="39.560763" lon="19.910759" /><trkpt lat="39.560593" lon="19.910749" /><trkpt lat="39.560498" lon="19.910727" /><trkpt lat="39.560373" lon="19.910719" /><trkpt lat="39.560155" lon="19.910796" /><trkpt lat="39.559923" lon="19.910925" /><trkpt lat="39.559627" lon="19.911124" /><trkpt lat="39.559521" lon="19.911178" /><trkpt lat="39.559416" lon="19.911205" /><trkpt lat="39.558563" lon="19.911276" /><trkpt lat="39.558160" lon="19.911362" /><trkpt lat="39.557995" lon="19.911408" /><trkpt lat="39.557917" lon="19.911419" /><trkpt lat="39.557624" lon="19.911409" /><trkpt lat="39.557517" lon="19.911421" /><trkpt lat="39.557425" lon="19.911453" /><trkpt lat="39.557080" lon="19.911617" /><trkpt lat="39.556987" lon="19.911643" /><trkpt lat="39.556894" lon="19.911638" /><trkpt lat="39.556808" lon="19.911619" /><trkpt lat="39.556583" lon="19.911493" /><trkpt lat="39.556532" lon="19.911483" /><trkpt lat="39.556398" lon="19.911503" /><trkpt lat="39.556107" lon="19.911588" /><trkpt lat="39.555852" lon="19.911620" /><trkpt lat="39.555772" lon="19.911638" /><trkpt lat="39.555666" lon="19.911702" /><trkpt lat="39.555504" lon="19.911843" /><trkpt lat="39.555304" lon="19.911970" /><trkpt lat="39.555160" lon="19.912028" /><trkpt lat="39.554952" lon="19.912081" /><trkpt lat="39.554840" lon="19.912119" /><trkpt lat="39.554616" lon="19.912231" /><trkpt lat="39.554417" lon="19.912371" /><trkpt lat="39.554242" lon="19.912449" /><trkpt lat="39.553910" lon="19.912473" /><trkpt lat="39.553806" lon="19.912488" /><trkpt lat="39.553695" lon="19.912518" /><trkpt lat="39.553564" lon="19.912571" /><trkpt lat="39.553272" lon="19.912752" /><trkpt lat="39.553191" lon="19.912789" /><trkpt lat="39.553088" lon="19.912817" /><trkpt lat="39.552994" lon="19.912823" /><trkpt lat="39.552883" lon="19.912813" /><trkpt lat="39.552677" lon="19.912770" /><trkpt lat="39.552043" lon="19.912529" /><trkpt lat="39.551492" lon="19.912346" /><trkpt lat="39.551154" lon="19.912254" /><trkpt lat="39.550705" lon="19.912232" /><trkpt lat="39.550345" lon="19.912242" /><trkpt lat="39.549959" lon="19.912270" /><trkpt lat="39.549864" lon="19.912265" /><trkpt lat="39.549727" lon="19.912249" /><trkpt lat="39.549110" lon="19.912108" /><trkpt lat="39.548902" lon="19.912097" /><trkpt lat="39.548708" lon="19.912104" /><trkpt lat="39.548552" lon="19.912120" /><trkpt lat="39.548368" lon="19.912166" /><trkpt lat="39.548128" lon="19.912256" /><trkpt lat="39.547976" lon="19.912286" /><trkpt lat="39.547855" lon="19.912309" /><trkpt lat="39.547362" lon="19.912374" /><trkpt lat="39.547200" lon="19.912414" /><trkpt lat="39.547115" lon="19.912451" /><trkpt lat="39.547044" lon="19.912483" /><trkpt lat="39.546914" lon="19.912583" /><trkpt lat="39.546820" lon="19.912667" /><trkpt lat="39.546718" lon="19.912761" /><trkpt lat="39.546570" lon="19.912899" /><trkpt lat="39.546418" lon="19.913050" /><trkpt lat="39.546389" lon="19.913080" /><trkpt lat="39.546270" lon="19.913209" /><trkpt lat="39.546001" lon="19.913545" /><trkpt lat="39.545656" lon="19.913931" /><trkpt lat="39.545528" lon="19.914074" /><trkpt lat="39.545479" lon="19.914109" /><trkpt lat="39.545472" lon="19.914219" /><trkpt lat="39.545450" lon="19.914289" /><trkpt lat="39.545404" lon="19.914344" /><trkpt lat="39.545354" lon="19.914391" /><trkpt lat="39.545242" lon="19.914451" /><trkpt lat="39.544953" lon="19.914544" /><trkpt lat="39.544835" lon="19.914568" /><trkpt lat="39.544766" lon="19.914551" /><trkpt lat="39.544743" lon="19.914521" /><trkpt lat="39.544709" lon="19.914412" /><trkpt lat="39.544621" lon="19.914431" /><trkpt lat="39.544488" lon="19.914447" /><trkpt lat="39.544354" lon="19.914449" /><trkpt lat="39.543753" lon="19.914371" /><trkpt lat="39.543751" lon="19.914176" /><trkpt lat="39.543774" lon="19.914072" /><trkpt lat="39.543819" lon="19.913988" /><trkpt lat="39.543869" lon="19.913942" /><trkpt lat="39.544145" lon="19.913864" /><trkpt lat="39.544166" lon="19.913834" /><trkpt lat="39.544130" lon="19.913369" /><trkpt lat="39.544132" lon="19.913350" /></trkseg></trk></gpx>